Date,BuyHold,JM_only,Fused_PIT
2020-01-02,0.009351965259415618,0.0,0.0
2020-01-03,-0.007572134954533238,0.0,0.0
2020-01-06,0.003814799466418828,0.003814799466418828,0.003814799466418828
2020-01-07,-0.002811507452124995,-0.002811507452124995,-0.002811507452124995
2020-01-08,0.005329070242696243,0.005329070242696243,0.005329070242696243
2020-01-09,0.0067808772714941234,0.0067808772714941234,0.0067808772714941234
2020-01-10,-0.0028776084076708175,-0.0028776084076708175,-0.0028776084076708175
2020-01-13,0.006877470501618577,0.006877470501618577,0.006877470501618577
2020-01-14,-0.0015246420151138196,-0.0015246420151138196,-0.0015246420151138196
2020-01-15,0.0022599116656008,0.0022599116656008,0.0022599116656008
2020-01-16,0.008317991732273544,0.008317991732273544,0.008317991732273544
2020-01-17,0.0031126379356745115,0.0031126379356745115,0.0031126379356745115
2020-01-21,-0.0019580610366977114,-0.0019580610366977114,-0.0019580610366977114
2020-01-22,0.00012075417534274102,0.00012075417534274102,0.00012075417534274102
2020-01-23,0.0011467238046478645,0.0011467238046478645,0.0011467238046478645
2020-01-24,-0.00889318812051032,-0.00889318812051032,-0.00889318812051032
2020-01-27,-0.016029306413459454,-0.016029306413459454,-0.016029306413459454
2020-01-28,0.010479380184889475,0.010479380184889475,0.010479380184889475
2020-01-29,-0.0008262400266096925,-0.0008262400266096925,-0.0008262400266096925
2020-01-30,0.003245530672994601,0.003245530672994601,0.003245530672994601
2020-01-31,-0.018157815595675753,-0.018157815595675753,-0.018157815595675753
2020-02-03,0.007428482343069698,0.007428482343069698,0.007428482343069698
2020-02-04,0.01524143947237433,0.01524143947237433,0.01524143947237433
2020-02-05,0.011547705042041168,0.011547705042041168,0.011547705042041168
2020-02-06,0.0033649701997331416,0.0033649701997331416,0.0033649701997331416
2020-02-07,-0.0053296407234426635,-0.0053296407234426635,-0.0053296407234426635
2020-02-10,0.007465168144461076,0.007465168144461076,0.007465168144461076
2020-02-11,0.0017331529204624996,0.0017331529204624996,0.0017331529204624996
2020-02-12,0.006442807742604861,0.006442807742604861,0.006442807742604861
2020-02-13,-0.0010672736719696818,-0.0010672736719696818,-0.0010672736719696818
2020-02-14,0.0016025218690982612,0.0016025218690982612,0.0016025218690982612
2020-02-18,-0.002576946105207867,-0.002576946105207867,-0.002576946105207867
2020-02-19,0.004781134970891721,0.004781134970891721,0.004781134970891721
2020-02-20,-0.004108549319962851,-0.004108549319962851,-0.004108549319962851
2020-02-21,-0.010297940382191673,-0.010297940382191673,-0.010297940382191673
2020-02-24,-0.03316515233673456,-0.03316515233673456,-0.03316515233673456
2020-02-25,-0.030302528133149487,-0.0002,-0.030302528133149487
2020-02-26,-0.0036780790079909975,-0.0,-0.0036780790079909975
2020-02-27,-0.04491212535082323,-0.0,-0.04491212535082323
2020-02-28,-0.004201314226763397,-0.0,-0.004201314226763397
2020-03-02,0.0433066450608548,0.0,0.0433066450608548
2020-03-03,-0.02863236274415537,-0.0,-0.02863236274415537
2020-03-04,0.0420329640995889,0.0,0.0420329640995889
2020-03-05,-0.033241877148424304,-0.0,-0.033241877148424304
2020-03-06,-0.01653099599010699,-0.0,-0.01653099599010699
2020-03-09,-0.07809441172964005,-0.0,-0.07809441172964005
2020-03-10,0.051744666165732145,0.0,0.051744666165732145
2020-03-11,-0.04874826225527573,-0.0,-0.04874826225527573
2020-03-12,-0.09567710866220813,-0.0,-0.0002
2020-03-13,0.08548580064058187,0.0,0.0
2020-03-16,-0.10942324502941747,-0.0,-0.0
2020-03-17,0.05399189998631382,0.0,0.0
2020-03-18,-0.050632796017410886,-0.0,-0.0
2020-03-19,0.0021248934787829743,0.0,0.0
2020-03-20,-0.043094004348659065,-0.0,-0.0
2020-03-23,-0.025568325474410347,-0.0,-0.0
2020-03-24,0.09060320361389529,0.0,0.0
2020-03-25,0.014970045777002339,0.0,0.0
2020-03-26,0.058389965366667296,0.0,0.0
2020-03-27,-0.02978587379683506,-0.0,-0.0
2020-03-30,0.03247604848193619,0.0,0.0
2020-03-31,-0.014905514223777616,-0.0,-0.0
2020-04-01,-0.04500481364350595,-0.0,-0.0
2020-04-02,0.02307538865281855,0.0,0.0
2020-04-03,-0.014454259378308687,-0.0,-0.0
2020-04-06,0.06716597292689319,0.0,0.0
2020-04-07,0.0010194242753462923,0.0,0.0
2020-04-08,0.033568675730549336,0.0,0.0
2020-04-09,0.015217250797028736,0.0,0.0
2020-04-13,-0.00913016718959725,-0.0,-0.0
2020-04-14,0.02949316348056219,0.0,0.0
2020-04-15,-0.02124805807979191,-0.0,-0.0
2020-04-16,0.004824118356707707,0.0,0.0
2020-04-17,0.027015090339347125,0.0,0.0
2020-04-20,-0.017617968231252834,-0.0,-0.0
2020-04-21,-0.030362941713526825,-0.0,-0.0
2020-04-22,0.022194545871595528,0.0,0.0
2020-04-23,-7.208306252626251e-05,-0.0,-0.0
2020-04-24,0.013938728786602406,0.0,0.0
2020-04-27,0.014418781125579816,0.0,0.0
2020-04-28,-0.004598542636358172,-0.0,-0.0
2020-04-29,0.026178521459044424,0.0,0.0
2020-04-30,-0.009310705273016806,-0.0,-0.0
2020-05-01,-0.026473321758148094,-0.0,-0.0
2020-05-04,0.0027584734983092662,0.0,0.0
2020-05-05,0.009239003307806026,0.0,0.0
2020-05-06,-0.006778585539404136,-0.0,-0.0
2020-05-07,0.012066672934603062,0.0,0.0
2020-05-08,0.016546128048629205,0.0,0.0
2020-05-11,0.0002051360061938734,0.0,0.0
2020-05-12,-0.0199315664988422,-0.0,-0.0
2020-05-13,-0.017686069743235278,-0.0,-0.0
2020-05-14,0.011967670442896816,0.0,0.0
2020-05-15,0.004597041257571544,0.0,0.0
2020-05-18,0.03045942581687955,0.0,0.0
2020-05-19,-0.010271102502717455,-0.0,-0.0
2020-05-20,0.01698797437027788,0.0,0.0
2020-05-21,-0.006903930172016293,-0.0,-0.0
2020-05-22,0.0018991730395561124,0.0,0.0
2020-05-26,0.01232049421315895,0.0,0.0
2020-05-27,0.014879232501383788,0.0,0.0
2020-05-28,-0.0018450499308639845,-0.0,-0.0
2020-05-29,0.004455853638839491,0.0,0.0
2020-06-01,0.0040417221713917595,0.0,0.0
2020-06-02,0.008280486752807459,0.0,0.0
2020-06-03,0.013307906326977648,0.0,0.0
2020-06-04,-0.002626605098819068,-0.0,-0.0
2020-06-05,0.02562958126152748,0.0,0.0
2020-06-08,0.01208703630893071,0.0,0.0
2020-06-09,-0.007456345607936177,-0.0,-0.0
2020-06-10,-0.005579989613714198,-0.0,-0.0
2020-06-11,-0.05764909420757425,-0.0,-0.0
2020-06-12,0.011975526135950432,0.0,0.0
2020-06-15,0.009335807399958984,0.0,0.0
2020-06-16,0.019247869036513432,0.0,0.0
2020-06-17,-0.004153650265745101,-0.0,-0.0
2020-06-18,0.0003845443836121287,0.0,0.0
2020-06-19,-0.005714731109278004,-0.0,-0.0
2020-06-22,0.00641498086140091,0.0,0.0
2020-06-23,0.004603740858678984,0.0,0.0
2020-06-24,-0.025508749804969644,-0.0,-0.0
2020-06-25,0.010720852085567278,0.0,0.0
2020-06-26,-0.02375162752172444,-0.0,-0.0
2020-06-29,0.01469741145118042,0.0,0.0
2020-06-30,0.012809936241811481,0.0,0.0
2020-07-01,0.007004563304650713,0.0,0.0
2020-07-02,0.00550702210249332,0.0,0.0
2020-07-06,0.015437176532959507,0.0,0.0
2020-07-07,-0.010313788070217322,-0.0,-0.0
2020-07-08,0.007648648819468029,0.0,0.0
2020-07-09,-0.00569278648182725,-0.0,-0.0
2020-07-10,0.010210449974735303,0.0,0.0
2020-07-13,-0.008659045804374932,-0.0,-0.0
2020-07-14,0.012959031307212987,0.0,0.0
2020-07-15,0.009187260401337438,0.0,0.0
2020-07-16,-0.0032934072700817607,-0.0,-0.0
2020-07-17,0.002899148637187876,0.0,0.0
2020-07-20,0.008081554235929822,0.0,0.0
2020-07-21,0.002127687546989332,0.0,0.0
2020-07-22,0.005691889850215626,0.0,0.0
2020-07-23,-0.011931855758361976,-0.0,-0.0
2020-07-24,-0.006440339812666451,-0.0,-0.0
2020-07-27,0.007292553501061283,0.0,0.0
2020-07-28,-0.0063423038106692475,-0.0,-0.0
2020-07-29,0.012298851438251823,0.0,0.0
2020-07-30,-0.0035679189643712528,-0.0,-0.0
2020-07-31,0.007902014973516946,0.0,0.0
2020-08-03,0.006952185629166774,0.0,0.0
2020-08-04,0.003862656974788603,0.0,0.0
2020-08-05,0.006210768356135654,0.0,0.0
2020-08-06,0.00668468730281635,0.0,0.0
2020-08-07,0.0007175548640787621,0.0,0.0
2020-08-10,0.0029892817385690496,0.0,0.0
2020-08-11,-0.008254877506076896,-0.008454877506076897,-0.008454877506076897
2020-08-12,0.013942433989183156,0.013942433989183156,0.013942433989183156
2020-08-13,-0.0018076214350560837,-0.0018076214350560837,-0.0018076214350560837
2020-08-14,2.9537192428152892e-05,2.9537192428152892e-05,2.9537192428152892e-05
2020-08-17,0.0031764791195387776,0.0031764791195387776,0.0031764791195387776
2020-08-18,0.0021602795363573346,0.0021602795363573346,0.0021602795363573346
2020-08-19,-0.004163470485341603,-0.004163470485341603,-0.004163470485341603
2020-08-20,0.003113702988529532,0.003113702988529532,0.003113702988529532
2020-08-21,0.003547150881472394,0.003547150881472394,0.003547150881472394
2020-08-24,0.010133277978531918,0.010133277978531918,0.010133277978531918
2020-08-25,0.003499251551115634,0.003499251551115634,0.003499251551115634
2020-08-26,0.010025747534312845,0.010025747534312845,0.010025747534312845
2020-08-27,0.002186587327074996,0.002186587327074996,0.002186587327074996
2020-08-28,0.006459194345742603,0.006459194345742603,0.006459194345742603
2020-08-31,-0.003622389062743925,-0.003622389062743925,-0.003622389062743925
2020-09-01,0.009418425140150344,0.009418425140150344,0.009418425140150344
2020-09-02,0.014463916607687644,0.014463916607687644,0.014463916607687644
2020-09-03,-0.03441432807001621,-0.03441432807001621,-0.03441432807001621
2020-09-04,-0.008164397279261548,-0.008164397279261548,-0.008164397279261548
2020-09-08,-0.027323087682003866,-0.027323087682003866,-0.027323087682003866
2020-09-09,0.019747108923501733,-0.0002,0.019747108923501733
2020-09-10,-0.017363270422411592,-0.0,-0.017363270422411592
2020-09-11,0.0005089295304354646,0.0,0.0005089295304354646
2020-09-14,0.013171512543713515,0.0,0.013171512543713515
2020-09-15,0.005052121333334991,0.0,0.005052121333334991
2020-09-16,-0.003968385837368138,-0.0,-0.003968385837368138
2020-09-17,-0.008795454849201745,-0.0,-0.008795454849201745
2020-09-18,-0.011512521567401235,-0.0,-0.011512521567401235
2020-09-21,-0.011129757562391651,-0.0,-0.011129757562391651
2020-09-22,0.010184223816915194,0.0,0.010184223816915194
2020-09-23,-0.02319061734399952,-0.0,-0.02319061734399952
2020-09-24,0.0026651200487657345,0.0,0.0026651200487657345
2020-09-25,0.01616691233070644,0.0,0.01616691233070644
2020-09-28,0.01660953095908768,0.0,0.01660953095908768
2020-09-29,-0.005445988244475397,-0.0,-0.005445988244475397
2020-09-30,0.007582217620115239,0.0,0.007582217620115239
2020-10-01,0.006419817215353563,0.0,0.006419817215353563
2020-10-02,-0.009494405635321113,-0.0,-0.009494405635321113
2020-10-05,0.01773302965372925,0.0,0.01773302965372925
2020-10-06,-0.014216012776330555,-0.0,-0.014216012776330555
2020-10-07,0.017406783426155092,0.0,0.017406783426155092
2020-10-08,0.008862290606151735,0.0,0.008862290606151735
2020-10-09,0.00893057475737713,0.0,0.00893057475737713
2020-10-12,0.01608721130768931,0.0,0.01608721130768931
2020-10-13,-0.006525994685941283,-0.0,-0.006525994685941283
2020-10-14,-0.006283493331562973,-0.0,-0.006283493331562973
2020-10-15,-0.0012355586162235976,-0.0,-0.0012355586162235976
2020-10-16,-0.0006045223501320862,-0.0,-0.0006045223501320862
2020-10-19,-0.015203534722525003,-0.015403534722525003,-0.015203534722525003
2020-10-20,0.0040060924023337385,-0.0002,0.0040060924023337385
2020-10-21,-0.0018932350427288691,-0.0,-0.0018932350427288691
2020-10-22,0.005485494135371249,0.0,0.005485494135371249
2020-10-23,0.0033951252692221434,0.0,0.0033951252692221434
2020-10-26,-0.018479902399213044,-0.0,-0.018479902399213044
2020-10-27,-0.0034477319834833597,-0.0,-0.0034477319834833597
2020-10-28,-0.03417853589697739,-0.0,-0.03417853589697739
2020-10-29,0.010163046950854016,0.0,0.010163046950854016
2020-10-30,-0.010424652258845923,-0.0,-0.010424652258845923
2020-11-02,0.011208445078528362,0.0,0.011208445078528362
2020-11-03,0.01765592931965232,0.0,0.01765592931965232
2020-11-04,0.022349295823771653,0.0,0.022349295823771653
2020-11-05,0.019502828564181174,0.0,0.019502828564181174
2020-11-06,-0.00022850604981750067,-0.0,-0.00022850604981750067
2020-11-09,0.012565722256846934,0.0,0.012565722256846934
2020-11-10,-0.0014665889314181557,-0.0,-0.0014665889314181557
2020-11-11,0.007428426792624343,0.0,0.007428426792624343
2020-11-12,-0.009700774784520583,-0.0,-0.009700774784520583
2020-11-13,0.013844312948916748,0.0,0.013844312948916748
2020-11-16,0.012482744063479823,0.0,0.012482744063479823
2020-11-17,-0.005378456898433526,-0.005578456898433525,-0.005378456898433526
2020-11-18,-0.012034640981957057,-0.012034640981957057,-0.012034640981957057
2020-11-19,0.004210259805482064,0.004210259805482064,0.004210259805482064
2020-11-20,-0.006847815715175787,-0.006847815715175787,-0.006847815715175787
2020-11-23,0.005994471188968564,0.005994471188968564,0.005994471188968564
2020-11-24,0.016113680087242788,0.016113680087242788,0.016113680087242788
2020-11-25,-0.001541837303398963,-0.001541837303398963,-0.001541837303398963
2020-11-27,0.0027849668616266587,0.0027849668616266587,0.0027849668616266587
2020-11-30,-0.004426878872964557,-0.004426878872964557,-0.004426878872964557
2020-12-01,0.01093709806962484,0.01093709806962484,0.01093709806962484
2020-12-02,0.0021037075946281902,0.0021037075946281902,0.0021037075946281902
2020-12-03,-0.00027231817533535096,-0.00027231817533535096,-0.00027231817533535096
2020-12-04,0.008617528007976105,0.008617528007976105,0.008617528007976105
2020-12-07,-0.002054862194719176,-0.002054862194719176,-0.002054862194719176
2020-12-08,0.0029260800205508364,0.0029260800205508364,0.0029260800205508364
2020-12-09,-0.008968921340620106,-0.008968921340620106,-0.008968921340620106
2020-12-10,-0.0003268360093592326,-0.0003268360093592326,-0.0003268360093592326
2020-12-11,-0.001173116247579209,-0.001173116247579209,-0.001173116247579209
2020-12-14,-0.004476972213976138,-0.004476972213976138,-0.004476972213976138
2020-12-15,0.01351948417756943,0.01351948417756943,0.01351948417756943
2020-12-16,0.0015694213058450313,0.0015694213058450313,0.0015694213058450313
2020-12-17,0.005591757418367926,0.005591757418367926,0.005591757418367926
2020-12-18,-0.003992774692745837,-0.003992774692745837,-0.003992774692745837
2020-12-21,-0.0035755455310875206,-0.0035755455310875206,-0.0035755455310875206
2020-12-22,-0.001685512762051422,-0.001685512762051422,-0.001685512762051422
2020-12-23,0.000898987975734622,0.000898987975734622,0.000898987975734622
2020-12-24,0.0038902427147580187,0.0038902427147580187,0.0038902427147580187
2020-12-28,0.008590842736077908,0.008590842736077908,0.008590842736077908
2020-12-29,-0.0019078676108996717,-0.0019078676108996717,-0.0019078676108996717
2020-12-30,0.0014268405762465353,0.0014268405762465353,0.0014268405762465353
2020-12-31,0.0050808561570891975,0.0050808561570891975,0.0050808561570891975
2021-01-04,-0.013614110535308921,-0.013614110535308921,-0.013614110535308921
2021-01-05,0.006887450631700043,0.006887450631700043,0.006887450631700043
2021-01-06,0.005978531280534494,0.005978531280534494,0.005978531280534494
2021-01-07,0.014857370524221647,0.014857370524221647,0.014857370524221647
2021-01-08,0.005697665228400428,0.005697665228400428,0.005697665228400428
2021-01-11,-0.006740682680273502,-0.006740682680273502,-0.006740682680273502
2021-01-12,0.00021113446469311903,0.00021113446469311903,0.00021113446469311903
2021-01-13,0.002692759304983694,0.002692759304983694,0.002692759304983694
2021-01-14,-0.0035018979007429563,-0.0035018979007429563,-0.0035018979007429563
2021-01-15,-0.007292595380749889,-0.007292595380749889,-0.007292595380749889
2021-01-19,0.007852072160883461,0.007852072160883461,0.007852072160883461
2021-01-20,0.013838690935296327,0.013838690935296327,0.013838690935296327
2021-01-21,0.0009116600863925406,0.0009116600863925406,0.0009116600863925406
2021-01-22,-0.003539404433734128,-0.003539404433734128,-0.003539404433734128
2021-01-25,0.003943767367212914,0.003943767367212914,0.003943767367212914
2021-01-26,-0.0015610079588038728,-0.0015610079588038728,-0.0015610079588038728
2021-01-27,-0.024440414153274803,-0.024440414153274803,-0.024440414153274803
2021-01-28,0.008600320908672687,0.008600320908672687,0.008600320908672687
2021-01-29,-0.02001971432031391,-0.02001971432031391,-0.02001971432031391
2021-02-01,0.016645691835902587,0.016645691835902587,0.016645691835902587
2021-02-02,0.014140043264526003,0.014140043264526003,0.014140043264526003
2021-02-03,0.0007863995239503208,0.0007863995239503208,0.0007863995239503208
2021-02-04,0.011365717241394124,0.011365717241394124,0.011365717241394124
2021-02-05,0.0039357706941185455,0.0039357706941185455,0.0039357706941185455
2021-02-08,0.007222099339885046,0.007222099339885046,0.007222099339885046
2021-02-09,-0.0006660259923065848,-0.0006660259923065848,-0.0006660259923065848
2021-02-10,-0.0004354650681245298,-0.0004354650681245298,-0.0004354650681245298
2021-02-11,0.001614796799483731,0.001614796799483731,0.001614796799483731
2021-02-12,0.004940032529138438,0.004940032529138438,0.004940032529138438
2021-02-16,-0.0008660460601581654,-0.0008660460601581654,-0.0008660460601581654
2021-02-17,0.00022946340159002432,0.00022946340159002432,0.00022946340159002432
2021-02-18,-0.004256129344226034,-0.004256129344226034,-0.004256129344226034
2021-02-19,-0.001765858135150733,-0.001765858135150733,-0.001765858135150733
2021-02-22,-0.007691503406847211,-0.007691503406847211,-0.007691503406847211
2021-02-23,0.0012140983807618078,0.0012140983807618078,0.0012140983807618078
2021-02-24,0.011019297962730379,0.011019297962730379,0.011019297962730379
2021-02-25,-0.024095796786864465,-0.024095796786864465,-0.024095796786864465
2021-02-26,-0.005152742689113365,-0.005152742689113365,-0.005152742689113365
2021-03-01,0.024240402267759142,0.024240402267759142,0.024240402267759142
2021-03-02,-0.007803214991220386,-0.007803214991220386,-0.007803214991220386
2021-03-03,-0.013245820535100927,-0.013245820535100927,-0.013245820535100927
2021-03-04,-0.012374823337134466,-0.012374823337134466,-0.012374823337134466
2021-03-05,0.01839672938524206,0.01839672938524206,0.01839672938524206
2021-03-08,-0.00497864871255238,-0.00497864871255238,-0.00497864871255238
2021-03-09,0.014277273621193576,0.014277273621193576,0.014277273621193576
2021-03-10,0.006224684199960473,0.006224684199960473,0.006224684199960473
2021-03-11,0.010139282178942555,0.010139282178942555,0.010139282178942555
2021-03-12,0.0013467368932436052,0.0013467368932436052,0.0013467368932436052
2021-03-15,0.005963610057584834,0.005963610057584834,0.005963610057584834
2021-03-16,-0.0012615334590430072,-0.0012615334590430072,-0.0012615334590430072
2021-03-17,0.0034099873223623067,0.0034099873223623067,0.0034099873223623067
2021-03-18,-0.01454958321897526,-0.01454958321897526,-0.01454958321897526
2021-03-19,-0.0018502706029130955,-0.0018502706029130955,-0.0018502706029130955
2021-03-22,0.007984771065561391,0.007984771065561391,0.007984771065561391
2021-03-23,-0.007870583720394286,-0.007870583720394286,-0.007870583720394286
2021-03-24,-0.005083740662031322,-0.005083740662031322,-0.005083740662031322
2021-03-25,0.005625739463363866,0.005625739463363866,0.005625739463363866
2021-03-26,0.016114971878578466,0.016114971878578466,0.016114971878578466
2021-03-29,-0.0005050800524240007,-0.0005050800524240007,-0.0005050800524240007
2021-03-30,-0.002652989618377344,-0.002652989618377344,-0.002652989618377344
2021-03-31,0.004053353244019453,0.004053353244019453,0.004053353244019453
2021-04-01,0.010798970648782547,0.010798970648782547,0.010798970648782547
2021-04-05,0.014353249021313852,0.014353249021313852,0.014353249021313852
2021-04-06,-0.0005907587861198049,-0.0005907587861198049,-0.0005907587861198049
2021-04-07,0.0011572747113832715,0.0011572747113832715,0.0011572747113832715
2021-04-08,0.00474686354454934,0.00474686354454934,0.00474686354454934
2021-04-09,0.007270296952174959,0.007270296952174959,0.007270296952174959
2021-04-12,0.0003647104776087762,0.0003647104776087762,0.0003647104776087762
2021-04-13,0.0029633730174858375,0.0029633730174858375,0.0029633730174858375
2021-04-14,-0.0034149878156558566,-0.0034149878156558566,-0.0034149878156558566
2021-04-15,0.010742335392020852,0.010742335392020852,0.010742335392020852
2021-04-16,0.0033425788589489525,0.0033425788589489525,0.0033425788589489525
2021-04-19,-0.004913179893628383,-0.004913179893628383,-0.004913179893628383
2021-04-20,-0.007321718630224794,-0.007321718630224794,-0.007321718630224794
2021-04-21,0.00946231195734959,0.00946231195734959,0.00946231195734959
2021-04-22,-0.009133073445937279,-0.009133073445937279,-0.009133073445937279
2021-04-23,0.01084238919804692,0.01084238919804692,0.01084238919804692
2021-04-26,0.00208754353949403,0.00208754353949403,0.00208754353949403
2021-04-27,-0.00021547862622606218,-0.00021547862622606218,-0.00021547862622606218
2021-04-28,-0.000287288497441196,-0.000287288497441196,-0.000287288497441196
2021-04-29,0.006372889582114238,0.006372889582114238,0.006372889582114238
2021-04-30,-0.0065704794748842055,-0.0065704794748842055,-0.0065704794748842055
2021-05-03,0.002156621304251871,0.002156621304251871,0.002156621304251871
2021-05-04,-0.006169275834369992,-0.006169275834369992,-0.006169275834369992
2021-05-05,0.0003125798696206328,0.0003125798696206328,0.0003125798696206328
2021-05-06,0.007985821984961339,0.007985821984961339,0.007985821984961339
2021-05-07,0.007277668551240346,0.007277668551240346,0.007277668551240346
2021-05-10,-0.009902409466582052,-0.009902409466582052,-0.009902409466582052
2021-05-11,-0.008924514430048491,-0.008924514430048491,-0.008924514430048491
2021-05-12,-0.0212453542082206,-0.0212453542082206,-0.0212453542082206
2021-05-13,0.012012680745924653,0.012012680745924653,0.012012680745924653
2021-05-14,0.015355370385693679,0.015355370385693679,0.015355370385693679
2021-05-17,-0.0025446829397843818,-0.0025446829397843818,-0.0025446829397843818
2021-05-18,-0.008615395309826801,-0.008615395309826801,-0.008615395309826801
2021-05-19,-0.002621967784601442,-0.002621967784601442,-0.002621967784601442
2021-05-20,0.01075792159369282,0.01075792159369282,0.01075792159369282
2021-05-21,-0.0008186762355403276,-0.0008186762355403276,-0.0008186762355403276
2021-05-24,0.010194157288011096,0.010194157288011096,0.010194157288011096
2021-05-25,-0.0022186375217737586,-0.0022186375217737586,-0.0022186375217737586
2021-05-26,0.001984667033121168,0.001984667033121168,0.001984667033121168
2021-05-27,0.000524734404862448,0.000524734404862448,0.000524734404862448
2021-05-28,0.001789005932389287,0.001789005932389287,0.001789005932389287
2021-06-01,-0.0008811204597539701,-0.0008811204597539701,-0.0008811204597539701
2021-06-02,0.0015727315138647224,0.0015727315138647224,0.0015727315138647224
2021-06-03,-0.0037113373532038363,-0.0037113373532038363,-0.0037113373532038363
2021-06-04,0.009145893531490534,0.009145893531490534,0.009145893531490534
2021-06-07,-0.0009701884321189347,-0.0009701884321189347,-0.0009701884321189347
2021-06-08,0.00021298624830135005,0.00021298624830135005,0.00021298624830135005
2021-06-09,-0.0014919016689707298,-0.0014919016689707298,-0.0014919016689707298
2021-06-10,0.004648380994123569,0.004648380994123569,0.004648380994123569
2021-06-11,0.0016526697025518455,0.0016526697025518455,0.0016526697025518455
2021-06-14,0.0022388121766494518,0.0022388121766494518,0.0022388121766494518
2021-06-15,-0.0018340408899685245,-0.0018340408899685245,-0.0018340408899685245
2021-06-16,-0.005583434883570715,-0.005583434883570715,-0.005583434883570715
2021-06-17,-0.0003315381916825233,-0.0003315381916825233,-0.0003315381916825233
2021-06-18,-0.013490405859741705,-0.013490405859741705,-0.013490405859741705
2021-06-21,0.014315855407387668,0.014315855407387668,0.014315855407387668
2021-06-22,0.005346120377281327,0.005346120377281327,0.005346120377281327
2021-06-23,-0.001205322848561452,-0.001205322848561452,-0.001205322848561452
2021-06-24,0.005915667691465343,0.005915667691465343,0.005915667691465343
2021-06-25,0.003552384260596453,0.003552384260596453,0.003552384260596453
2021-06-28,0.0020158011941360243,0.0020158011941360243,0.0020158011941360243
2021-06-29,0.0005380401305405957,0.0005380401305405957,0.0005380401305405957
2021-06-30,0.0008417300102638858,0.0008417300102638858,0.0008417300102638858
2021-07-01,0.005536411790712847,0.005536411790712847,0.005536411790712847
2021-07-02,0.0076435922038387005,0.0076435922038387005,0.0076435922038387005
2021-07-06,-0.001821312532950481,-0.001821312532950481,-0.001821312532950481
2021-07-07,0.003533948230445505,0.003533948230445505,0.003533948230445505
2021-07-08,-0.008148025931854153,-0.008148025931854153,-0.008148025931854153
2021-07-09,0.010674953251165631,0.010674953251165631,0.010674953251165631
2021-07-12,0.003581804272769995,0.003581804272769995,0.003581804272769995
2021-07-13,-0.0034088924337177806,-0.0034088924337177806,-0.0034088924337177806
2021-07-14,0.0014921412672053158,0.0014921412672053158,0.0014921412672053158
2021-07-15,-0.0034154563866175547,-0.0034154563866175547,-0.0034154563866175547
2021-07-16,-0.007843614930825638,-0.007843614930825638,-0.007843614930825638
2021-07-19,-0.014767774949462908,-0.014767774949462908,-0.014767774949462908
2021-07-20,0.014330212577464918,0.014330212577464918,0.014330212577464918
2021-07-21,0.008096394244481608,0.008096394244481608,0.008096394244481608
2021-07-22,0.002094162202463057,0.002094162202463057,0.002094162202463057
2021-07-23,0.010287980896805715,0.010287980896805715,0.010287980896805715
2021-07-26,0.002454859995028036,0.002454859995028036,0.002454859995028036
2021-07-27,-0.004557630277428393,-0.004557630277428393,-0.004557630277428393
2021-07-28,-0.0004101708117733027,-0.0004101708117733027,-0.0004101708117733027
2021-07-29,0.004147475390228417,0.004147475390228417,0.004147475390228417
2021-07-30,-0.004856429421648989,-0.004856429421648989,-0.004856429421648989
2021-08-02,-0.0020979773546486724,-0.0020979773546486724,-0.0020979773546486724
2021-08-03,0.008135515615374622,0.008135515615374622,0.008135515615374622
2021-08-04,-0.004919065496414743,-0.004919065496414743,-0.004919065496414743
2021-08-05,0.006332894818451562,0.006332894818451562,0.006332894818451562
2021-08-06,0.0016524394972998735,0.0016524394972998735,0.0016524394972998735
2021-08-09,-0.0008136692309086424,-0.0008136692309086424,-0.0008136692309086424
2021-08-10,0.0012441487624770264,0.0012441487624770264,0.0012441487624770264
2021-08-11,0.002484690567261749,0.002484690567261749,0.002484690567261749
2021-08-12,0.0029970916344310705,0.0029970916344310705,0.0029970916344310705
2021-08-13,0.0018197783588833616,0.0018197783588833616,0.0018197783588833616
2021-08-16,0.0023546003774488344,0.0023546003774488344,0.0023546003774488344
2021-08-17,-0.006555228630038323,-0.006555228630038323,-0.006555228630038323
2021-08-18,-0.010944908074507542,-0.010944908074507542,-0.010944908074507542
2021-08-19,0.001548464812933803,0.001548464812933803,0.001548464812933803
2021-08-20,0.007957070454654769,0.007957070454654769,0.007957070454654769
2021-08-23,0.008796313198318861,0.008796313198318861,0.008796313198318861
2021-08-24,0.0015875554064266328,0.0015875554064266328,0.0015875554064266328
2021-08-25,0.002098093867290096,0.002098093867290096,0.002098093867290096
2021-08-26,-0.005902976154849249,-0.005902976154849249,-0.005902976154849249
2021-08-27,0.008940941560432014,0.008940941560432014,0.008940941560432014
2021-08-30,0.00439743673576154,0.00439743673576154,0.00439743673576154
2021-08-31,-0.001481311735425539,-0.001481311735425539,-0.001481311735425539
2021-09-01,0.0005314063075072539,0.0005314063075072539,0.0005314063075072539
2021-09-02,0.0030765981388312102,0.0030765981388312102,0.0030765981388312102
2021-09-03,-0.00024275708230137027,-0.00024275708230137027,-0.00024275708230137027
2021-09-07,-0.0035755342940979595,-0.0035755342940979595,-0.0035755342940979595
2021-09-08,-0.0012182924212010837,-0.0012182924212010837,-0.0012182924212010837
2021-09-09,-0.00428005876720472,-0.00428005876720472,-0.00428005876720472
2021-09-10,-0.007884734807261817,-0.007884734807261817,-0.007884734807261817
2021-09-13,0.00255907997415572,0.00255907997415572,0.00255907997415572
2021-09-14,-0.005396442375108612,-0.005396442375108612,-0.005396442375108612
2021-09-15,0.008352724354450336,0.008352724354450336,0.008352724354450336
2021-09-16,-0.001585066892687892,-0.001585066892687892,-0.001585066892687892
2021-09-17,-0.009741299955288718,-0.009741299955288718,-0.009741299955288718
2021-09-20,-0.016674153859007834,-0.016674153859007834,-0.016674153859007834
2021-09-21,-0.0009443642598292445,-0.0009443642598292445,-0.0009443642598292445
2021-09-22,0.009754578330886998,0.009754578330886998,0.009754578330886998
2021-09-23,0.012150056767339379,0.012150056767339379,0.012150056767339379
2021-09-24,0.0016472323719876059,0.0016472323719876059,0.0016472323719876059
2021-09-27,-0.0028608579721761673,-0.0028608579721761673,-0.0028608579721761673
2021-09-28,-0.020151963171164633,-0.020151963171164633,-0.020151963171164633
2021-09-29,0.0016832355487850226,0.0016832355487850226,0.0016832355487850226
2021-09-30,-0.01222240554659848,-0.01222240554659848,-0.01222240554659848
2021-10-01,0.011884342017410399,0.011884342017410399,0.011884342017410399
2021-10-04,-0.012896228200888649,-0.012896228200888649,-0.012896228200888649
2021-10-05,0.010404965227412522,0.010404965227412522,0.010404965227412522
2021-10-06,0.004156170737085851,0.004156170737085851,0.004156170737085851
2021-10-07,0.008645500227562275,0.008645500227562275,0.008645500227562275
2021-10-08,-0.0018236918755570874,-0.0018236918755570874,-0.0018236918755570874
2021-10-11,-0.00723980981217498,-0.00723980981217498,-0.00723980981217498
2021-10-12,-0.0024614144641671443,-0.0024614144641671443,-0.0024614144641671443
2021-10-13,0.0035977648712606225,0.0035977648712606225,0.0035977648712606225
2021-10-14,0.01682049158076504,0.01682049158076504,0.01682049158076504
2021-10-15,0.007616043418123608,0.007616043418123608,0.007616043418123608
2021-10-18,0.0029602642212565033,0.0029602642212565033,0.0029602642212565033
2021-10-19,0.007714754309721572,0.007714754309721572,0.007714754309721572
2021-10-20,0.003927837803920475,0.003927837803920475,0.003927837803920475
2021-10-21,0.002608193906626921,0.002608193906626921,0.002608193906626921
2021-10-22,-0.0010359973100571018,-0.0010359973100571018,-0.0010359973100571018
2021-10-25,0.005362681710547212,0.005362681710547212,0.005362681710547212
2021-10-26,0.0008999873792252533,0.0008999873792252533,0.0008999873792252533
2021-10-27,-0.004430031139801005,-0.004430031139801005,-0.004430031139801005
2021-10-28,0.009648763469020771,0.009648763469020771,0.009648763469020771
2021-10-29,0.0020291484227827894,0.0020291484227827894,0.0020291484227827894
2021-11-01,0.0017201559238568809,0.0017201559238568809,0.0017201559238568809
2021-11-02,0.004043194399496297,0.004043194399496297,0.004043194399496297
2021-11-03,0.006105135773977199,0.006105135773977199,0.006105135773977199
2021-11-04,0.004712647010437276,0.004712647010437276,0.004712647010437276
2021-11-05,0.003469461797122486,0.003469461797122486,0.003469461797122486
2021-11-08,0.0008537133342734204,0.0008537133342734204,0.0008537133342734204
2021-11-09,-0.003305326030563993,-0.003305326030563993,-0.003305326030563993
2021-11-10,-0.008044831005064812,-0.008044831005064812,-0.008044831005064812
2021-11-11,0.0003235067119240487,0.0003235067119240487,0.0003235067119240487
2021-11-12,0.007546888752901326,0.007546888752901326,0.007546888752901326
2021-11-15,0.0003422393849861205,0.0003422393849861205,0.0003422393849861205
2021-11-16,0.003957950766614982,0.003957950766614982,0.003957950766614982
2021-11-17,-0.002429273926853881,-0.002429273926853881,-0.002429273926853881
2021-11-18,0.003396408601470391,0.003396408601470391,0.003396408601470391
2021-11-19,-0.0017881419779063323,-0.0017881419779063323,-0.0017881419779063323
2021-11-22,-0.002815069870284792,-0.002815069870284792,-0.002815069870284792
2021-11-23,0.001325864629193596,0.001325864629193596,0.001325864629193596
2021-11-24,0.0026699907147338386,0.0026699907147338386,0.0026699907147338386
2021-11-26,-0.022303304106373045,-0.022303304106373045,-0.022303304106373045
2021-11-29,0.012266576468547008,0.012266576468547008,0.012266576468547008
2021-11-30,-0.019457642548079024,-0.019457642548079024,-0.019457642548079024
2021-12-01,-0.01110717824126417,-0.01110717824126417,-0.01110717824126417
2021-12-02,0.015316357882901865,0.015316357882901865,0.015316357882901865
2021-12-03,-0.008701289465290363,-0.008701289465290363,-0.008701289465290363
2021-12-06,0.011843148149076166,0.011843148149076166,0.011843148149076166
2021-12-07,0.02068500060959977,0.02068500060959977,0.02068500060959977
2021-12-08,0.0026478476341647017,0.0026478476341647017,0.0026478476341647017
2021-12-09,-0.006751486924331029,-0.006751486924331029,-0.006751486924331029
2021-12-10,0.009413442793103632,0.009413442793103632,0.009413442793103632
2021-12-13,-0.008858149337393928,-0.008858149337393928,-0.008858149337393928
2021-12-14,-0.00688003526888703,-0.00688003526888703,-0.00688003526888703
2021-12-15,0.015624891622255888,0.015624891622255888,0.015624891622255888
2021-12-16,-0.008818358211560073,-0.008818358211560073,-0.008818358211560073
2021-12-17,-0.01064317271125137,-0.01064317271125137,-0.01064317271125137
2021-12-20,-0.01063322465900185,-0.01063322465900185,-0.01063322465900185
2021-12-21,0.01775890261311397,0.01775890261311397,0.01775890261311397
2021-12-22,0.009998767628363714,0.009998767628363714,0.009998767628363714
2021-12-23,0.006222044222913725,0.006222044222913725,0.006222044222913725
2021-12-27,0.014152257619593822,0.014152257619593822,0.014152257619593822
2021-12-28,-0.0008174036551276131,-0.0008174036551276131,-0.0008174036551276131
2021-12-29,0.0012792429150483287,0.0012792429150483287,0.0012792429150483287
2021-12-30,-0.002764572254532305,-0.002764572254532305,-0.002764572254532305
2021-12-31,-0.002520177761737852,-0.002520177761737852,-0.002520177761737852
2022-01-03,0.005790061633832888,0.005790061633832888,0.005790061633832888
2022-01-04,-0.0003348747050546663,-0.0003348747050546663,-0.0003348747050546663
2022-01-05,-0.0192020985014536,-0.0192020985014536,-0.0192020985014536
2022-01-06,-0.0009394739650298023,-0.0009394739650298023,-0.0009394739650298023
2022-01-07,-0.00395355234493755,-0.00395355234493755,-0.00395355234493755
2022-01-10,-0.001244419062648383,-0.001244419062648383,-0.001244419062648383
2022-01-11,0.009108246742420834,0.009108246742420834,0.009108246742420834
2022-01-12,0.0027035270639539366,0.0027035270639539366,0.0027035270639539366
2022-01-13,-0.013778511664694792,-0.013778511664694792,-0.013778511664694792
2022-01-14,0.00040893346919879114,0.00040893346919879114,0.00040893346919879114
2022-01-18,-0.017709563739420897,-0.017709563739420897,-0.017709563739420897
2022-01-19,-0.010383554411433793,-0.010383554411433793,-0.010383554411433793
2022-01-20,-0.011068044804395272,-0.011068044804395272,-0.011068044804395272
2022-01-21,-0.019630624797153384,-0.019630624797153384,-0.019630624797153384
2022-01-24,0.004246744771710276,0.004246744771710276,0.004246744771710276
2022-01-25,-0.012209089371216786,-0.012209089371216786,-0.012209089371216786
2022-01-26,-0.002508543493036197,-0.002508543493036197,-0.002508543493036197
2022-01-27,-0.004938187189497123,-0.004938187189497123,-0.004938187189497123
2022-01-28,0.024835449571126045,0.024835449571126045,0.024835449571126045
2022-01-31,0.018011139916683128,0.018011139916683128,0.018011139916683128
2022-02-01,0.006756772789466625,-0.0002,0.006756772789466625
2022-02-02,0.009714278939427778,0.0,0.009714278939427778
2022-02-03,-0.02350516478994913,-0.0,-0.02350516478994913
2022-02-04,0.0047023337819611655,0.0,0.0047023337819611655
2022-02-07,-0.003209378300293997,-0.0,-0.003209378300293997
2022-02-08,0.008228079466711335,0.0,0.008228079466711335
2022-02-09,0.0146359706379533,0.0,0.0146359706379533
2022-02-10,-0.017965623560044608,-0.0,-0.017965623560044608
2022-02-11,-0.01971871406590231,-0.0,-0.01971871406590231
2022-02-14,-0.0032692716594204807,-0.0,-0.0032692716594204807
2022-02-15,0.016126813302106413,0.0,0.016126813302106413
2022-02-16,0.001120699170084949,0.0,0.001120699170084949
2022-02-17,-0.02136137039607211,-0.0,-0.02136137039607211
2022-02-18,-0.006474828397728727,-0.0,-0.0002
2022-02-22,-0.010731754270697946,-0.0,-0.0
2022-02-23,-0.017738714205671524,-0.0,-0.0
2022-02-24,0.015049190015804514,0.0,0.0
2022-02-25,0.02206402081305603,0.0,0.0
2022-02-28,-0.0025584754265159937,-0.0,-0.0
2022-03-01,-0.015230413319348823,-0.0,-0.0
2022-03-02,0.018396226166669916,0.0,0.0
2022-03-03,-0.004978345239886828,-0.0,-0.0
2022-03-04,-0.008124847745881736,-0.0,-0.0
2022-03-07,-0.029478985265971813,-0.0,-0.0
2022-03-08,-0.007581758489149215,-0.0,-0.0
2022-03-09,0.026810733495304495,0.0,0.0
2022-03-10,-0.004515484938922398,-0.0,-0.0
2022-03-11,-0.012715123509262183,-0.0,-0.0
2022-03-14,-0.007308290039722776,-0.0,-0.0
2022-03-15,0.02199047298535417,0.0,0.0
2022-03-16,0.02217406846040859,0.0,0.0
2022-03-17,0.012511016919195539,0.0,0.0
2022-03-18,0.010952887978623593,0.0,0.0
2022-03-21,-0.00029245209509898284,-0.0,-0.0
2022-03-22,0.011701143073988174,0.0,0.0
2022-03-23,-0.012878158261970252,-0.0,-0.0
2022-03-24,0.015074345649571663,0.0,0.0
2022-03-25,0.004883464074485033,0.0,0.0
2022-03-28,0.007113097067896534,0.0,0.0
2022-03-29,0.01237084260829402,0.0,0.0
2022-03-30,-0.006174890001125144,-0.0,-0.0
2022-03-31,-0.015391118331271159,-0.0,-0.0
2022-04-01,0.0028339298674657787,0.0,0.0
2022-04-04,0.008566770733089646,0.0,0.0
2022-04-05,-0.012631470297070901,-0.0,-0.0
2022-04-06,-0.009999420105852308,-0.0,-0.0
2022-04-07,0.005039122554632458,0.0,0.0
2022-04-08,-0.00267390381836885,-0.0,-0.0
2022-04-11,-0.01709227111317768,-0.0,-0.0
2022-04-12,-0.0037052757825409843,-0.0,-0.0
2022-04-13,0.011453629679512689,0.0,0.0
2022-04-14,-0.012451899416081935,-0.0,-0.0
2022-04-18,0.0004112039598160866,0.0,0.0
2022-04-19,0.016142583617481554,0.0,0.0
2022-04-20,-0.0007416894548064601,-0.0,-0.0
2022-04-21,-0.014953361440550372,-0.0,-0.0
2022-04-22,-0.02743930271224393,-0.0,-0.0
2022-04-25,0.005797766492420475,0.0,0.0
2022-04-26,-0.028960663347989968,-0.0,-0.0
2022-04-27,0.002811686235130617,0.0,0.0
2022-04-28,0.025259344225323277,0.0,0.0
2022-04-29,-0.036955694311715304,-0.0,-0.0
2022-05-02,0.006019528006382391,0.0,0.0
2022-05-03,0.004584115702566782,0.0,0.0
2022-05-04,0.03045294353152528,0.0,0.0
2022-05-05,-0.03554271103942719,-0.0,-0.0
2022-05-06,-0.005969115161736482,-0.0,-0.0
2022-05-09,-0.032017251155345705,-0.0,-0.0
2022-05-10,0.002310417020350064,0.0,0.0
2022-05-11,-0.015886099317636293,-0.0,-0.0
2022-05-12,-0.0010438329361479592,-0.0,-0.0
2022-05-13,0.023907642952412322,0.0,0.0
2022-05-16,-0.004057374844757766,-0.0,-0.0
2022-05-17,0.020570153130111013,0.0,0.0
2022-05-18,-0.040311416676388157,-0.0,-0.0
2022-05-19,-0.006124472731669051,-0.0,-0.0
2022-05-20,0.0004363962414939415,0.0,0.0
2022-05-23,0.018710004286736748,0.0,0.0
2022-05-24,-0.00763364112680931,-0.0,-0.0
2022-05-25,0.008834945860104249,0.0,0.0
2022-05-26,0.019981089887959547,0.0,0.0
2022-05-27,0.024549386575656307,0.0,0.0
2022-05-31,-0.005610983511095569,-0.0,-0.0
2022-06-01,-0.008088456618696505,-0.0,-0.0
2022-06-02,0.019043394196165186,0.0,0.0
2022-06-03,-0.016411635716283568,-0.0,-0.0
2022-06-06,0.003044898445908606,0.0,0.0
2022-06-07,0.009592219274534797,0.0,0.0
2022-06-08,-0.010872110797431112,-0.0,-0.0
2022-06-09,-0.023782784342192498,-0.0,-0.0
2022-06-10,-0.028995749559836637,-0.0,-0.0
2022-06-13,-0.03796819038543364,-0.0,-0.0
2022-06-14,-0.0030133786132765517,-0.0,-0.0
2022-06-15,0.01425620945049122,0.0,0.0
2022-06-16,-0.033095731415145435,-0.0,-0.0
2022-06-17,0.002155441409859904,0.0,0.0
2022-06-21,0.02517368379569751,0.0,0.0
2022-06-22,-0.0018129795500426704,-0.0,-0.0
2022-06-23,0.009802518971538277,0.0,0.0
2022-06-24,0.031793888085378086,0.0,0.0
2022-06-27,-0.0038197505163960477,-0.0,-0.0
2022-06-28,-0.020432763521721853,-0.0,-0.0
2022-06-29,-0.0008144937539591446,-0.0,-0.0
2022-06-30,-0.008124222096404954,-0.0,-0.0
2022-07-01,0.01057659667411981,0.0,0.0
2022-07-05,0.0018885878068248818,0.0,0.0
2022-07-06,0.003377278361903935,0.0,0.0
2022-07-07,0.014977180060221418,0.0,0.0
2022-07-08,-0.0008224566068080197,-0.0,-0.0
2022-07-11,-0.011423570851536224,-0.0,-0.0
2022-07-12,-0.008849040548150389,-0.0,-0.0
2022-07-13,-0.005251697043617387,-0.0,-0.0
2022-07-14,-0.002428604075233376,-0.0,-0.0
2022-07-15,0.019105147136110112,0.0,0.0
2022-07-18,-0.008256803704472349,-0.0,-0.0
2022-07-19,0.027019099203621888,0.0,0.0
2022-07-20,0.006373030192815765,0.0,0.0
2022-07-21,0.010183260457282906,0.0,0.0
2022-07-22,-0.009278039632350521,-0.0,-0.0
2022-07-25,0.0012148405776746252,0.0,0.0
2022-07-26,-0.011831033981974715,-0.0,-0.0
2022-07-27,0.025966581277375944,0.0,0.0
2022-07-28,0.012542352388688949,0.0,0.0
2022-07-29,0.014578739840542143,0.0,0.0
2022-08-01,-0.0029614270906315188,-0.0,-0.0
2022-08-02,-0.006597264783651746,-0.0,-0.0
2022-08-03,0.015659320078038386,0.0,0.0
2022-08-04,-0.0006755475196814631,-0.0,-0.0
2022-08-05,-0.001690126780054424,-0.0,-0.0
2022-08-08,-0.001160915032172305,-0.0,-0.0
2022-08-09,-0.003971043849897105,-0.0,-0.0
2022-08-10,0.021004088202759785,0.0,0.0
2022-08-11,0.0,0.0,0.0
2022-08-12,0.016929079103573885,0.0,0.0
2022-08-15,0.004120744242138263,0.0,0.0
2022-08-16,0.001958620528541344,0.0,0.0
2022-08-17,-0.007097871714600079,-0.0,-0.0
2022-08-18,0.0029063343713797707,0.0,0.0
2022-08-19,-0.013438086932258897,-0.0,-0.0
2022-08-22,-0.020822152849445885,-0.0,-0.0
2022-08-23,-0.0024193777686349893,-0.0,-0.0
2022-08-24,0.0032010310582948343,0.0,0.0
2022-08-25,0.014117531989678911,0.0,0.0
2022-08-26,-0.03384920836004146,-0.0,-0.0
2022-08-29,-0.006611981443415793,-0.0,-0.0
2022-08-30,-0.01097788655226839,-0.0,-0.0
2022-08-31,-0.007609004975714151,-0.0,-0.0
2022-09-01,0.0031377790959636886,0.0,0.0
2022-09-02,-0.010544273067268017,-0.0,-0.0
2022-09-06,-0.003773172480867615,-0.0,-0.0
2022-09-07,0.01796474944881732,0.0,0.0
2022-09-08,0.006536378256009501,0.0,0.0
2022-09-09,0.015535180508180035,0.0,0.0
2022-09-12,0.010747814601817174,0.0,0.0
2022-09-13,-0.043482368105074776,-0.0,-0.0
2022-09-14,0.0038156455846054538,0.0,0.0
2022-09-15,-0.011353215423342333,-0.0,-0.0
2022-09-16,-0.007629003448871963,-0.0,-0.0
2022-09-19,0.007755003725878895,0.0,0.0
2022-09-20,-0.01147854368893686,-0.0,-0.0
2022-09-21,-0.017443931854546624,-0.0,-0.0
2022-09-22,-0.008399554434910694,-0.0,-0.0
2022-09-23,-0.016754853856182694,-0.0,-0.0
2022-09-26,-0.009892864887556696,-0.0,-0.0
2022-09-27,-0.002552814135010961,-0.0,-0.0
2022-09-28,0.01967637686277879,0.0,0.0
2022-09-29,-0.02088874929798179,-0.0,-0.0
2022-09-30,-0.015463740770075285,-0.0,-0.0
2022-10-03,0.02640133565038494,0.0,0.0
2022-10-04,0.030986607944302857,0.0,0.0
2022-10-05,-0.0023281389897961136,-0.0,-0.0
2022-10-06,-0.010315853142036313,-0.0,-0.0
2022-10-07,-0.027893794953918416,-0.0,-0.0
2022-10-10,-0.007635433566800298,-0.0,-0.0
2022-10-11,-0.006333145519421213,-0.0,-0.0
2022-10-12,-0.003298319971901331,-0.0,-0.0
2022-10-13,0.02639091503089186,0.0,0.0
2022-10-14,-0.022788624746234776,-0.0,-0.0
2022-10-17,0.025697086694167703,0.0,0.0
2022-10-18,0.011749459252342831,0.0,0.0
2022-10-19,-0.007086515044077091,-0.0,-0.0
2022-10-20,-0.00838531740659354,-0.0,-0.0
2022-10-21,0.024301474391434708,0.0,0.0
2022-10-24,0.01223652810495035,0.0,0.0
2022-10-25,0.015968482886503876,0.0,0.0
2022-10-26,-0.0075339374053429164,-0.0,-0.0
2022-10-27,-0.005340075943096045,-0.0,-0.0
2022-10-28,0.023790721437689344,0.0,0.0
2022-10-31,-0.007223286164028675,-0.0,-0.0
2022-11-01,-0.004375921880280131,-0.0,-0.0
2022-11-02,-0.02509602913247555,-0.0,-0.0
2022-11-03,-0.010297008654192918,-0.0,-0.0
2022-11-04,0.01439319411094342,0.0,0.0
2022-11-07,0.009565417931300946,0.0,0.0
2022-11-08,0.0053955148115520934,0.0,0.0
2022-11-09,-0.02060210314078048,-0.0,-0.0
2022-11-10,0.05495423593192039,0.0,0.0
2022-11-11,0.009678321619393415,0.0,0.0
2022-11-14,-0.008506596460215232,-0.0,-0.0
2022-11-15,0.008528993291947673,0.0,0.0
2022-11-16,-0.007628809950910642,-0.0,-0.0
2022-11-17,-0.0030597302860083664,-0.0,-0.0
2022-11-18,0.004540368411326989,0.0,0.0
2022-11-21,-0.0036359360916361494,-0.0,-0.0
2022-11-22,0.013456896984904265,0.0,0.0
2022-11-23,0.006301591435932785,0.0,0.0
2022-11-25,-0.00022362763439964795,-0.0,-0.0
2022-11-28,-0.015957103490420677,-0.0,-0.0
2022-11-29,-0.0017174677504274705,-0.0,-0.0
2022-11-30,0.03150051397440756,0.0,0.0
2022-12-01,-0.0007358862569771807,-0.0,-0.0
2022-12-02,-0.0011537453390360053,-0.0,-0.0
2022-12-05,-0.0179891787180827,-0.0,-0.0
2022-12-06,-0.014414812413840017,-0.0,-0.0
2022-12-07,-0.0017011220552028972,-0.0,-0.0
2022-12-08,0.007833745354593136,0.0,0.0
2022-12-09,-0.007470195528374912,-0.0,-0.0
2022-12-12,0.014417430893505001,0.0,0.0
2022-12-13,0.0075697515830570605,0.0,0.0
2022-12-14,-0.006393490958081616,-0.0,-0.0
2022-12-15,-0.02446155748137724,-0.0,-0.0
2022-12-16,-0.011806310904171391,-0.0,-0.0
2022-12-19,-0.008479654129250891,-0.0,-0.0
2022-12-20,0.001368538770518235,0.0,0.0
2022-12-21,0.014952291250536431,0.0,0.0
2022-12-22,-0.014266244938749728,-0.0,-0.0
2022-12-23,0.005752563351527407,0.0,0.0
2022-12-27,-0.003943687638921944,-0.0,-0.0
2022-12-28,-0.01242803128312564,-0.0,-0.0
2022-12-29,0.018000590094608748,0.0,0.0
2022-12-30,-0.002634208563498275,-0.0,-0.0
2023-01-03,-0.004209933111384068,-0.0,-0.0
2023-01-04,0.0077202600086268,0.0,0.0
2023-01-05,-0.0114133223171895,-0.0,-0.0
2023-01-06,0.022932092754429645,0.0,0.0
2023-01-09,-0.0005669057470593097,-0.0,-0.0
2023-01-10,0.007012738525199236,0.0,0.0
2023-01-11,0.012647940749531017,0.0,0.0
2023-01-12,0.003640804732539138,0.0,0.0
2023-01-13,0.003879327835520252,0.0,0.0
2023-01-17,-0.0018318333671510922,-0.0,-0.0
2023-01-18,-0.015787992264825745,-0.0,-0.0
2023-01-19,-0.007279724205585092,-0.0,-0.0
2023-01-20,0.018629000147522223,0.0,0.0
2023-01-23,0.011998623324991797,0.0,0.0
2023-01-24,-0.001073264207500868,-0.0,-0.0
2023-01-25,0.00037473755047634505,0.0,0.0
2023-01-26,0.010990463237791959,0.0,0.0
2023-01-27,0.002297632116796011,0.0,0.0
2023-01-30,-0.012546761682151741,-0.0,-0.0
2023-01-31,0.01470328796358733,0.0,0.0
2023-02-01,0.010627753502342907,0.0,0.0
2023-02-02,0.014556926565048478,0.0,0.0
2023-02-03,-0.010629080168557237,-0.0,-0.0
2023-02-06,-0.006111263755458007,-0.0,-0.0
2023-02-07,0.013078559832082837,0.0,0.0
2023-02-08,-0.010934690880718856,-0.0,-0.0
2023-02-09,-0.008669096174881319,-0.0,-0.0
2023-02-10,0.002333533861420989,0.0,0.0
2023-02-13,0.01173888505479348,0.0,0.0
2023-02-14,-0.0004600481423493452,-0.0,-0.0
2023-02-15,0.0032473548943152686,0.0,0.0
2023-02-16,-0.01376894704727305,-0.0,-0.0
2023-02-17,-0.00249803532539139,-0.0,-0.0
2023-02-21,-0.02006106193106183,-0.0,-0.0
2023-02-22,-0.001377886100651704,-0.0,-0.0
2023-02-23,0.0053192980673633095,0.0,0.0
2023-02-24,-0.010682338153404025,-0.0,-0.0
2023-02-27,0.0034058634692712975,0.0,0.0
2023-02-28,-0.0036959707299800693,-0.0,-0.0
2023-03-01,-0.003836050341512909,-0.0,-0.0
2023-03-02,0.007777209406264474,0.0,0.0
2023-03-03,0.01603791688252909,0.0,0.0
2023-03-06,0.0006926941130529496,0.0,0.0
2023-03-07,-0.015328756295355461,-0.0,-0.0
2023-03-08,0.001632185091388072,0.0,0.0
2023-03-09,-0.018449866477869392,-0.0,-0.0
2023-03-10,-0.014429446500080934,-0.0,-0.0
2023-03-13,-0.0014252749808146836,-0.0,-0.0
2023-03-14,0.016530121735984116,0.0,0.0
2023-03-15,-0.006254491423559938,-0.0,-0.0
2023-03-16,0.017545338801790766,0.0,0.0
2023-03-17,-0.011692612343420672,-0.0,-0.0
2023-03-20,0.00961545498619465,0.0,0.0
2023-03-21,0.013130590685694221,0.0,0.0
2023-03-22,-0.017046505197727546,-0.0,-0.0
2023-03-23,0.00270341923573425,0.0,0.0
2023-03-24,0.006561987609382758,0.0,0.0
2023-03-27,0.0018699232205596772,0.0,0.0
2023-03-28,-0.0022447587702161265,-0.0,-0.0
2023-03-29,0.014534816606693202,0.0,0.0
2023-03-30,0.005855383007110193,0.0,0.0
2023-03-31,0.014094712654368902,0.0,0.0
2023-04-03,0.0038105287750658245,0.0,0.0
2023-04-04,-0.005548205981545706,-0.0,-0.0
2023-04-05,-0.0026181608124515865,-0.0,-0.0
2023-04-06,0.0039007879068728712,0.0,0.0
2023-04-10,0.0010264340082914991,0.0,0.0
2023-04-11,0.00026850068843953245,0.0,0.0
2023-04-12,-0.004075966226912309,-0.0,-0.0
2023-04-13,0.013282841282986846,0.0,0.0
2023-04-14,-0.002442880694002114,-0.0,-0.0
2023-04-17,0.003588257021585939,0.0,0.0
2023-04-18,0.0006522019765251574,0.0,0.0
2023-04-19,-0.00016889695892063905,-0.0,-0.00036889695892063903
2023-04-20,-0.005457150969767066,-0.0,-0.005457150969767066
2023-04-21,0.0007768090955266871,0.0,0.0007768090955266871
2023-04-24,0.0010433275200578684,0.0008433275200578685,0.0010433275200578684
2023-04-25,-0.015873852746173256,-0.015873852746173256,-0.015873852746173256
2023-04-26,-0.004235580626599789,-0.0002,-0.004235580626599789
2023-04-27,0.019908051530043158,0.0,-0.0002
2023-04-28,0.008535071813823958,0.0,0.0
2023-05-01,-0.0010096486175773522,-0.0,-0.0
2023-05-02,-0.011239323558495329,-0.0,-0.0
2023-05-03,-0.006864093359820966,-0.0,-0.0
2023-05-04,-0.007082760895592677,-0.0,-0.0
2023-05-05,0.018512550508219094,0.0,0.0
2023-05-08,0.0002665355610931286,0.0,0.0
2023-05-09,-0.004385523783765666,-0.0,-0.0
2023-05-10,0.004672479592967571,0.0,0.0
2023-05-11,-0.0017438484635474705,-0.0,-0.0
2023-05-12,-0.0013103634598425895,-0.0,-0.0
2023-05-15,0.003450140469674512,0.0,0.0
2023-05-16,-0.006682827345896425,-0.0,-0.0
2023-05-17,0.012139052856266375,0.0,0.0
2023-05-18,0.009633187208621719,0.0,0.0
2023-05-19,-0.0014551216826217406,-0.0,-0.0016551216826217407
2023-05-22,0.0004061278411053859,0.0,0.0004061278411053859
2023-05-23,-0.011222706543977834,-0.011422706543977834,-0.011222706543977834
2023-05-24,-0.007244914487416598,-0.007244914487416598,-0.007244914487416598
2023-05-25,0.008659911199980552,-0.0002,0.008659911199980552
2023-05-26,0.012950654572832176,0.0,0.012950654572832176
2023-05-30,0.0003810660532361787,0.0,0.0003810660532361787
2023-05-31,-0.005545127465475974,-0.005745127465475974,-0.005545127465475974
2023-06-01,0.009500834851244644,0.009500834851244644,0.009500834851244644
2023-06-02,0.01446119491777531,0.01446119491777531,0.01446119491777531
2023-06-05,-0.0019161770370904607,-0.0019161770370904607,-0.0019161770370904607
2023-06-06,0.0021772869829528307,0.0021772869829528307,0.0021772869829528307
2023-06-07,-0.0034575829104553923,-0.0034575829104553923,-0.0034575829104553923
2023-06-08,0.006048548682880295,0.006048548682880295,0.006048548682880295
2023-06-09,0.0017943805832367765,0.0017943805832367765,0.0017943805832367765
2023-06-12,0.009071796411470379,0.009071796411470379,0.009071796411470379
2023-06-13,0.006592905141016958,0.006592905141016958,0.006592905141016958
2023-06-14,0.0011908522041079728,0.0011908522041079728,0.0011908522041079728
2023-06-15,0.01239763903130875,0.01239763903130875,0.01239763903130875
2023-06-16,-0.0034061704578446372,-0.0034061704578446372,-0.0034061704578446372
2023-06-20,-0.005188261499940561,-0.005188261499940561,-0.005188261499940561
2023-06-21,-0.0051236075562623995,-0.0051236075562623995,-0.0051236075562623995
2023-06-22,0.0036095143042840228,0.0036095143042840228,0.0036095143042840228
2023-06-23,-0.0075598987197667,-0.0075598987197667,-0.0075598987197667
2023-06-26,-0.004085745220017256,-0.004085745220017256,-0.004085745220017256
2023-06-27,0.010963257955930672,0.010963257955930672,0.010963257955930672
2023-06-28,0.0005044633488615613,0.0005044633488615613,0.0005044633488615613
2023-06-29,0.003941214328426312,0.003941214328426312,0.003941214328426312
2023-06-30,0.011800808990630962,0.011800808990630962,0.011800808990630962
2023-07-03,0.0011504796932244599,0.0011504796932244599,0.0011504796932244599
2023-07-05,-0.0014871200156685305,-0.0014871200156685305,-0.0014871200156685305
2023-07-06,-0.00783077254681308,-0.00783077254681308,-0.00783077254681308
2023-07-07,-0.002524644587159508,-0.002524644587159508,-0.002524644587159508
2023-07-10,0.00253103454983572,0.00253103454983572,0.00253103454983572
2023-07-11,0.006368635335135542,0.006368635335135542,0.006368635335135542
2023-07-12,0.00804593194998482,0.00804593194998482,0.00804593194998482
2023-07-13,0.007936870564638543,0.007936870564638543,0.007936870564638543
2023-07-14,-0.0006228317380211346,-0.0006228317380211346,-0.0006228317380211346
2023-07-17,0.003472225152429509,0.003472225152429509,0.003472225152429509
2023-07-18,0.007430685410980242,0.007430685410980242,0.007430685410980242
2023-07-19,0.0022236362410759103,0.0022236362410759103,0.0022236362410759103
2023-07-20,-0.006634521333556576,-0.006634521333556576,-0.006634521333556576
2023-07-21,0.0,0.0,0.0
2023-07-24,0.004467321488114129,0.004467321488114129,0.004467321488114129
2023-07-25,0.0027300771358438336,0.0027300771358438336,0.0027300771358438336
2023-07-26,0.00015380171192336256,0.00015380171192336256,0.00015380171192336256
2023-07-27,-0.0066301442038676495,-0.0066301442038676495,-0.0066301442038676495
2023-07-28,0.009790315750077161,0.009790315750077161,0.009790315750077161
2023-07-31,0.0019041586612182915,0.0019041586612182915,0.0019041586612182915
2023-08-01,-0.0028616798819413036,-0.0028616798819413036,-0.0028616798819413036
2023-08-02,-0.013910773562823109,-0.013910773562823109,-0.013910773562823109
2023-08-03,-0.0028658061760974407,-0.0028658061760974407,-0.0028658061760974407
2023-08-04,-0.004522738430162265,-0.004522738430162265,-0.004522738430162265
2023-08-07,0.008728549431549881,0.008728549431549881,0.008728549431549881
2023-08-08,-0.004348697788146616,-0.004348697788146616,-0.004348697788146616
2023-08-09,-0.006685171773759824,-0.006685171773759824,-0.006685171773759824
2023-08-10,0.0003589458644566168,0.0003589458644566168,0.0003589458644566168
2023-08-11,-0.0005831485928511349,-0.0005831485928511349,-0.0005831485928511349
2023-08-14,0.005519960529779544,0.005519960529779544,0.005519960529779544
2023-08-15,-0.011648794736730972,-0.011648794736730972,-0.011648794736730972
2023-08-16,-0.007338206399477132,-0.007338206399477132,-0.007338206399477132
2023-08-17,-0.007619912760666092,-0.007619912760666092,-0.007619912760666092
2023-08-18,0.00048129541609931437,0.00048129541609931437,0.00048129541609931437
2023-08-21,0.006506233381997184,0.006506233381997184,0.006506233381997184
2023-08-22,-0.0027085030252934628,-0.0027085030252934628,-0.0027085030252934628
2023-08-23,0.01113767534243526,0.01113767534243526,0.01113767534243526
2023-08-24,-0.013858976327508432,-0.013858976327508432,-0.013858976327508432
2023-08-25,0.0070499071491869625,0.0070499071491869625,0.0070499071491869625
2023-08-28,0.006341166248630792,0.006341166248630792,0.006341166248630792
2023-08-29,0.014454867368540736,0.014454867368540736,0.014454867368540736
2023-08-30,0.004118908239596264,0.004118908239596264,0.004118908239596264
2023-08-31,-0.0014634532157685731,-0.0014634532157685731,-0.0014634532157685731
2023-09-01,0.001865077001427018,0.001865077001427018,0.001865077001427018
2023-09-05,-0.004321803039757821,-0.004321803039757821,-0.004321803039757821
2023-09-06,-0.006722540138911159,-0.006722540138911159,-0.006722540138911159
2023-09-07,-0.0030702016186391345,-0.0030702016186391345,-0.0030702016186391345
2023-09-08,0.0015060203525822935,0.0015060203525822935,0.0015060203525822935
2023-09-11,0.006576697106064566,0.006576697106064566,0.006576697106064566
2023-09-12,-0.005485495367540061,-0.005485495367540061,-0.005485495367540061
2023-09-13,0.0011658754483434564,0.0011658754483434564,0.0011658754483434564
2023-09-14,0.008622469666424326,0.008622469666424326,0.008622469666424326
2023-09-15,-0.01204836604874615,-0.01204836604874615,-0.01204836604874615
2023-09-18,0.0005862742378701657,0.0005862742378701657,0.0005862742378701657
2023-09-19,-0.002073751900495635,-0.002073751900495635,-0.002073751900495635
2023-09-20,-0.009193323207584925,-0.009193323207584925,-0.009193323207584925
2023-09-21,-0.016528382245253548,-0.016528382245253548,-0.016528382245253548
2023-09-22,-0.0022484896335782656,-0.0002,-0.0022484896335782656
2023-09-25,0.004205229907699781,0.0,0.004205229907699781
2023-09-26,-0.014691306432693896,-0.0,-0.014691306432693896
2023-09-27,0.00039913841105798653,0.0,-0.0002
2023-09-28,0.005797502001731347,0.0,0.0
2023-09-29,-0.002426952099509716,-0.0,-0.0
2023-10-02,-0.00039771812906030934,-0.0,-0.0
2023-10-03,-0.013386034760395571,-0.0,-0.0
2023-10-04,0.007281870065066975,0.0,0.0
2023-10-05,-0.0003766342627745667,-0.0,-0.0
2023-10-06,0.011872676948700311,0.0,0.0
2023-10-09,0.006402385771394625,0.0,0.0
2023-10-10,0.005204719804402291,0.0,0.0
2023-10-11,0.004096309351056426,0.0,0.0
2023-10-12,-0.006096594745013562,-0.0,-0.006296594745013561
2023-10-13,-0.004980709669269223,-0.0,-0.004980709669269223
2023-10-16,0.010521383332395828,0.0,0.010521383332395828
2023-10-17,-4.5850580251860507e-05,-0.0,-4.5850580251860507e-05
2023-10-18,-0.013325150615231096,-0.0,-0.013325150615231096
2023-10-19,-0.008786341322187141,-0.0,-0.008786341322187141
2023-10-20,-0.012288150453647506,-0.0,-0.012288150453647506
2023-10-23,-0.0017331863321820018,-0.0,-0.0002
2023-10-24,0.007539413531946204,0.0,0.0
2023-10-25,-0.01435225056952083,-0.0,-0.0
2023-10-26,-0.01197453487618061,-0.0,-0.0
2023-10-27,-0.004532614916311295,-0.0,-0.0
2023-10-30,0.01195566251434288,0.0,0.0
2023-10-31,0.006280318147027675,0.0,0.0
2023-11-01,0.010664768057838891,0.0,0.0
2023-11-02,0.019164332912581017,0.0,0.0
2023-11-03,0.009123398564820473,0.0,0.0
2023-11-06,0.002300517793956791,0.0,0.0
2023-11-07,0.002845958717664354,0.0,0.002645958717664354
2023-11-08,0.0007324031918483076,0.0,0.0007324031918483076
2023-11-09,-0.007798878523731068,-0.0,-0.007798878523731068
2023-11-10,0.015604969049215711,0.0,0.015604969049215711
2023-11-13,-0.000953304105152819,-0.0,-0.000953304105152819
2023-11-14,0.019400701401830922,0.0,0.019400701401830922
2023-11-15,0.002117189063334468,0.001917189063334468,0.002117189063334468
2023-11-16,0.0012229597726962638,0.0012229597726962638,0.0012229597726962638
2023-11-17,0.001244053334153783,0.001244053334153783,0.001244053334153783
2023-11-20,0.007697470704339127,0.007697470704339127,0.007697470704339127
2023-11-21,-0.002179299448413996,-0.002179299448413996,-0.002179299448413996
2023-11-22,0.0038607064396092294,0.0038607064396092294,0.0038607064396092294
2023-11-24,0.0006153401610513587,0.0006153401610513587,0.0006153401610513587
2023-11-27,-0.0018009742299700537,-0.0018009742299700537,-0.0018009742299700537
2023-11-28,0.00099009228807323,0.00099009228807323,0.00099009228807323
2023-11-29,-0.0007033553851359953,-0.0007033553851359953,-0.0007033553851359953
2023-11-30,0.00393742095706906,0.00393742095706906,0.00393742095706906
2023-12-01,0.005915976821192048,0.005915976821192048,0.005915976821192048
2023-12-04,-0.005249435630463761,-0.005249435630463761,-0.005249435630463761
2023-12-05,-0.00019710156597507744,-0.00019710156597507744,-0.00019710156597507744
2023-12-06,-0.004029759860348148,-0.004029759860348148,-0.004029759860348148
2023-12-07,0.007630481271278855,0.007630481271278855,0.007630481271278855
2023-12-08,0.00429912452317649,0.00429912452317649,0.00429912452317649
2023-12-11,0.0038894562765756646,0.0038894562765756646,0.0038894562765756646
2023-12-12,0.004567198374053616,0.004567198374053616,0.004567198374053616
2023-12-13,0.013790110066344896,0.013790110066344896,0.013790110066344896
2023-12-14,0.003209416483235472,0.003209416483235472,0.003209416483235472
2023-12-15,-0.0016465001965407788,-0.0016465001965407788,-0.0016465001965407788
2023-12-18,0.005625132164749136,0.005625132164749136,0.005625132164749136
2023-12-19,0.006080867262889589,0.006080867262889589,0.006080867262889589
2023-12-20,-0.013857381499048582,-0.013857381499048582,-0.013857381499048582
2023-12-21,0.009482024767708985,0.009482024767708985,0.009482024767708985
2023-12-22,0.0020097399683320916,0.0020097399683320916,0.0020097399683320916
2023-12-26,0.004222475606067366,0.004222475606067366,0.004222475606067366
2023-12-27,0.0018080037772609803,0.0018080037772609803,0.0018080037772609803
2023-12-28,0.0003777946008209909,0.0003777946008209909,0.0003777946008209909
2023-12-29,-0.0028948490342839417,-0.0028948490342839417,-0.0028948490342839417
2024-01-02,-0.005596516438839294,-0.005596516438839294,-0.005596516438839294
2024-01-03,-0.008166594141799766,-0.008166594141799766,-0.008166594141799766
2024-01-04,-0.0032211595318121233,-0.0032211595318121233,-0.0032211595318121233
2024-01-05,0.0013696387133315113,0.0013696387133315113,0.0013696387133315113
2024-01-08,0.014276025907794754,0.014276025907794754,0.014276025907794754
2024-01-09,-0.001517127745895852,-0.001517127745895852,-0.001517127745895852
2024-01-10,0.005655556692972352,0.005655556692972352,0.005655556692972352
2024-01-11,-0.0004407250183169342,-0.0004407250183169342,-0.0004407250183169342
2024-01-12,0.0006927133832714816,0.0006927133832714816,0.0006927133832714816
2024-01-16,-0.003671280024155621,-0.003671280024155621,-0.003671280024155621
2024-01-17,-0.005558607026508677,-0.005558607026508677,-0.005558607026508677
2024-01-18,0.00889273268181845,0.00889273268181845,0.00889273268181845
2024-01-19,0.01246623166803218,0.01246623166803218,0.01246623166803218
2024-01-22,0.002114348633203589,0.002114348633203589,0.002114348633203589
2024-01-23,0.0029165082148370214,0.0029165082148370214,0.0029165082148370214
2024-01-24,0.0010931697810439012,0.0010931697810439012,0.0010931697810439012
2024-01-25,0.005438755311375276,0.005438755311375276,0.005438755311375276
2024-01-26,-0.0012703469310979543,-0.0012703469310979543,-0.0012703469310979543
2024-01-29,0.007919481688201113,0.007919481688201113,0.007919481688201113
2024-01-30,-0.0007734193445601001,-0.0007734193445601001,-0.0007734193445601001
2024-01-31,-0.016317362065964347,-0.016317362065964347,-0.016317362065964347
2024-02-01,0.013088120238723633,0.013088120238723633,0.013088120238723633
2024-02-02,0.010527423021632343,0.010527423021632343,0.010527423021632343
2024-02-05,-0.0036412905411126184,-0.0036412905411126184,-0.0036412905411126184
2024-02-06,0.0029033697679021753,0.0029033697679021753,0.0029033697679021753
2024-02-07,0.00834026578066771,0.00834026578066771,0.00834026578066771
2024-02-08,0.0004418115381052967,0.0004418115381052967,0.0004418115381052967
2024-02-09,0.005779272709722116,0.005779272709722116,0.005779272709722116
2024-02-12,-0.0004388911763227865,-0.0004388911763227865,-0.0004388911763227865
2024-02-13,-0.01377302561533389,-0.01377302561533389,-0.01377302561533389
2024-02-14,0.009087734623678623,0.009087734623678623,0.009087734623678623
2024-02-15,0.006899673903582038,0.006899673903582038,0.006899673903582038
2024-02-16,-0.004979982252808934,-0.004979982252808934,-0.004979982252808934
2024-02-20,-0.005505422369269541,-0.005505422369269541,-0.005505422369269541
2024-02-21,0.0009058905865211297,0.0009058905865211297,0.0009058905865211297
2024-02-22,0.020695411642875694,0.020695411642875694,0.020695411642875694
2024-02-23,0.0006897395023879316,0.0006897395023879316,0.0006897395023879316
2024-02-26,-0.003662491153425318,-0.003662491153425318,-0.003662491153425318
2024-02-27,0.0018576843718893787,0.0018576843718893787,0.0018576843718893787
2024-02-28,-0.0013215850310841493,-0.0013215850310841493,-0.0013215850310841493
2024-02-29,0.003594959104243234,0.003594959104243234,0.003594959104243234
2024-03-01,0.009388213902118192,0.009388213902118192,0.009388213902118192
2024-03-04,-0.001072394746922667,-0.001072394746922667,-0.001072394746922667
2024-03-05,-0.009994095772374867,-0.009994095772374867,-0.009994095772374867
2024-03-06,0.005067215822167848,0.005067215822167848,0.005067215822167848
2024-03-07,0.009926473256912427,0.009926473256912427,0.009926473256912427
2024-03-08,-0.006002256617514967,-0.006002256617514967,-0.006002256617514967
2024-03-11,-0.0008598592433949337,-0.0008598592433949337,-0.0008598592433949337
2024-03-12,0.010757306476487427,0.010757306476487427,0.010757306476487427
2024-03-13,-0.001567445767875153,-0.001567445767875153,-0.001567445767875153
2024-03-14,-0.001976908055999038,-0.001976908055999038,-0.001976908055999038
2024-03-15,-0.0068664788611635386,-0.0068664788611635386,-0.0068664788611635386
2024-03-18,0.005943089888015951,0.005943089888015951,0.005943089888015951
2024-03-19,0.005557133557477334,0.005557133557477334,0.005557133557477334
2024-03-20,0.009249215522718401,0.009249215522718401,0.009249215522718401
2024-03-21,0.003305009201869158,0.003305009201869158,0.003305009201869158
2024-03-22,-0.0018958502370501895,-0.0018958502370501895,-0.0018958502370501895
2024-03-25,-0.0027629309631316268,-0.0027629309631316268,-0.0027629309631316268
2024-03-26,-0.0018469770770959126,-0.0018469770770959126,-0.0018469770770959126
2024-03-27,0.008403961351032718,0.008403961351032718,0.008403961351032718
2024-03-28,-0.000191265083187786,-0.000191265083187786,-0.000191265083187786
2024-04-01,-0.0017397037447676178,-0.0017397037447676178,-0.0017397037447676178
2024-04-02,-0.006358201070618019,-0.006358201070618019,-0.006358201070618019
2024-04-03,0.0010984840474292934,0.0010984840474292934,0.0010984840474292934
2024-04-04,-0.01220608208489693,-0.01220608208489693,-0.01220608208489693
2024-04-05,0.010446821540136986,0.010446821540136986,0.010446821540136986
2024-04-08,0.0005595653383281274,0.0005595653383281274,0.0005595653383281274
2024-04-09,0.001156591817040642,0.001156591817040642,0.001156591817040642
2024-04-10,-0.010013078490869631,-0.010013078490869631,-0.010013078490869631
2024-04-11,0.007546866711725997,0.007546866711725997,0.007546866711725997
2024-04-12,-0.013803104991042203,-0.013803104991042203,-0.013803104991042203
2024-04-15,-0.012528101211725318,-0.012528101211725318,-0.012528101211725318
2024-04-16,-0.001823810860570263,-0.001823810860570263,-0.001823810860570263
2024-04-17,-0.005918178426796872,-0.005918178426796872,-0.005918178426796872
2024-04-18,-0.0020577890876725125,-0.0020577890876725125,-0.0020577890876725125
2024-04-19,-0.008728310564720898,-0.008728310564720898,-0.008728310564720898
2024-04-22,0.009209144396545632,0.009209144396545632,0.009209144396545632
2024-04-23,0.011866608948703172,0.011866608948703172,0.011866608948703172
2024-04-24,-0.00047460733306348146,-0.00047460733306348146,-0.00047460733306348146
2024-04-25,-0.003798970793799983,-0.003798970793799983,-0.003798970793799983
2024-04-26,0.009474010266367072,0.009474010266367072,0.009474010266367072
2024-04-29,0.0035415525373654333,0.0035415525373654333,0.0035415525373654333
2024-04-30,-0.015841397383381195,-0.015841397383381195,-0.015841397383381195
2024-05-01,-0.003247026605179837,-0.003247026605179837,-0.003247026605179837
2024-05-02,0.00935340547115815,0.00935340547115815,0.00935340547115815
2024-05-03,0.012395233987872567,0.012395233987872567,0.012395233987872567
2024-05-06,0.010326794652302018,0.010326794652302018,0.010326794652302018
2024-05-07,0.0011034322831826593,0.0011034322831826593,0.0011034322831826593
2024-05-08,9.677788285045175e-05,9.677788285045175e-05,9.677788285045175e-05
2024-05-09,0.0057618066809201895,0.0057618066809201895,0.0057618066809201895
2024-05-10,0.0012882239408691376,0.0012882239408691376,0.0012882239408691376
2024-05-13,0.00013408237002909829,0.00013408237002909829,0.00013408237002909829
2024-05-14,0.004588254878857612,0.004588254878857612,0.004588254878857612
2024-05-15,0.012382907595902548,0.012382907595902548,0.012382907595902548
2024-05-16,-0.0020574269229312048,-0.0020574269229312048,-0.0020574269229312048
2024-05-17,0.0014377519510109238,0.0014377519510109238,0.0014377519510109238
2024-05-20,0.001152163657544003,0.001152163657544003,0.001152163657544003
2024-05-21,0.002452179550025635,0.002452179550025635,0.002452179550025635
2024-05-22,-0.002879175127503797,-0.002879175127503797,-0.002879175127503797
2024-05-23,-0.007304272633687048,-0.007304272633687048,-0.007304272633687048
2024-05-24,0.006616391238277064,0.006616391238277064,0.006616391238277064
2024-05-28,0.0006988454407301781,0.0006988454407301781,0.0006988454407301781
2024-05-29,-0.007002572877040092,-0.007002572877040092,-0.007002572877040092
2024-05-30,-0.006633705018401992,-0.006633705018401992,-0.006633705018401992
2024-05-31,0.009108197461457301,0.009108197461457301,0.009108197461457301
2024-06-03,0.0008155166052885576,0.0008155166052885576,0.0008155166052885576
2024-06-04,0.0011177415650254208,0.0011177415650254208,0.0011177415650254208
2024-06-05,0.011885048486894423,0.011885048486894423,0.011885048486894423
2024-06-06,-1.8592348722257235e-05,-1.8592348722257235e-05,-1.8592348722257235e-05
2024-06-07,-0.0012158920529211636,-0.0012158920529211636,-0.0012158920529211636
2024-06-10,0.003090027475756818,0.003090027475756818,0.003090027475756818
2024-06-11,0.002408336106331843,0.002408336106331843,0.002408336106331843
2024-06-12,0.008212845852678674,0.008212845852678674,0.008212845852678674
2024-06-13,0.0020135328811594633,0.0020135328811594633,0.0020135328811594633
2024-06-14,0.000608435925496309,0.000608435925496309,0.000608435925496309
2024-06-17,0.00795876439707599,0.00795876439707599,0.00795876439707599
2024-06-18,0.0025409340649609202,0.0025409340649609202,0.0025409340649609202
2024-06-20,-0.002716758802109309,-0.002716758802109309,-0.002716758802109309
2024-06-21,-0.0013404776708971777,-0.0013404776708971777,-0.0013404776708971777
2024-06-24,-0.0032508556328936233,-0.0032508556328936233,-0.0032508556328936233
2024-06-25,0.0038509640844608395,0.0038509640844608395,0.0038509640844608395
2024-06-26,0.0012481518499345423,0.0012481518499345423,0.0012481518499345423
2024-06-27,0.0015762949369151347,0.0015762949369151347,0.0015762949369151347
2024-06-28,-0.003934877537230652,-0.003934877537230652,-0.003934877537230652
2024-07-01,0.0020578883736119824,0.0020578883736119824,0.0020578883736119824
2024-07-02,0.00672974041303398,0.00672974041303398,0.00672974041303398
2024-07-03,0.004462745693646131,0.004462745693646131,0.004462745693646131
2024-07-05,0.005766583334406938,0.005766583334406938,0.005766583334406938
2024-07-08,0.0011537153837630765,0.0011537153837630765,0.0011537153837630765
2024-07-09,0.0009724798854346961,0.0009724798854346961,0.0009724798854346961
2024-07-10,0.009895194180880473,0.009895194180880473,0.009895194180880473
2024-07-11,-0.00862239232945372,-0.00862239232945372,-0.00862239232945372
2024-07-12,0.00630754403454814,0.00630754403454814,0.00630754403454814
2024-07-15,0.0027501202176014594,0.0027501202176014594,0.0027501202176014594
2024-07-16,0.005930080913369773,0.005930080913369773,0.005930080913369773
2024-07-17,-0.01402117447015827,-0.01402117447015827,-0.01402117447015827
2024-07-18,-0.007684813223276632,-0.007684813223276632,-0.007684813223276632
2024-07-19,-0.006640716928150603,-0.006640716928150603,-0.006640716928150603
2024-07-22,0.010309925512624218,0.010309925512624218,0.010309925512624218
2024-07-23,-0.0015685215257669194,-0.0015685215257669194,-0.0015685215257669194
2024-07-24,-0.02266259335745402,-0.02266259335745402,-0.02266259335745402
2024-07-25,-0.005210277592075707,-0.005210277592075707,-0.005210277592075707
2024-07-26,0.01119971183544255,0.01119971183544255,0.01119971183544255
2024-07-29,0.0005876651219949292,0.0005876651219949292,0.0005876651219949292
2024-07-30,-0.00506634976860687,-0.00506634976860687,-0.00506634976860687
2024-07-31,0.01625470055299938,0.01625470055299938,0.01625470055299938
2024-08-01,-0.01416102580487788,-0.01416102580487788,-0.01416102580487788
2024-08-02,-0.018618501646100127,-0.018618501646100127,-0.018618501646100127
2024-08-05,-0.029123703835287507,-0.029123703835287507,-0.029123703835287507
2024-08-06,0.009219706907453773,-0.0002,0.009219706907453773
2024-08-07,-0.006684115095178189,-0.0,-0.006684115095178189
2024-08-08,0.02311749614077585,0.0,-0.0002
2024-08-09,0.004409635243259213,0.0,0.0
2024-08-12,0.0005253411326555657,0.0,0.0003253411326555657
2024-08-13,0.016445657378125755,0.0,0.016445657378125755
2024-08-14,0.00315460641174492,0.0,0.00315460641174492
2024-08-15,0.017140361905951584,0.0,0.017140361905951584
2024-08-16,0.002241866473279064,0.0020418664732790638,0.002241866473279064
2024-08-19,0.009561596844123166,0.009561596844123166,0.009561596844123166
2024-08-20,-0.0016262252231173946,-0.0016262252231173946,-0.0016262252231173946
2024-08-21,0.003436664536923706,0.003436664536923706,0.003436664536923706
2024-08-22,-0.007848688368854329,-0.007848688368854329,-0.007848688368854329
2024-08-23,0.01062542267524691,0.01062542267524691,0.01062542267524691
2024-08-26,-0.002383780184026185,-0.002383780184026185,-0.002383780184026185
2024-08-27,0.0013732097959411327,0.0013732097959411327,0.0013732097959411327
2024-08-28,-0.005805360614414723,-0.005805360614414723,-0.005805360614414723
2024-08-29,8.952221702562824e-05,8.952221702562824e-05,8.952221702562824e-05
2024-08-30,0.009545986638498372,0.009545986638498372,0.009545986638498372
2024-09-03,-0.020578996194471677,-0.020578996194471677,-0.020578996194471677
2024-09-04,-0.0020466511387128294,-0.0020466511387128294,-0.0020466511387128294
2024-09-05,-0.0024323780465664857,-0.0024323780465664857,-0.0024323780465664857
2024-09-06,-0.016829933054223423,-0.016829933054223423,-0.016829933054223423
2024-09-09,0.011196083406375346,0.011196083406375346,0.011196083406375346
2024-09-10,0.004355785475598006,0.004355785475598006,0.004355785475598006
2024-09-11,0.010258832827810815,0.010258832827810815,0.010258832827810815
2024-09-12,0.0084233977525765,0.0084233977525765,0.0084233977525765
2024-09-13,0.005222849453616174,0.005222849453616174,0.005222849453616174
2024-09-16,0.0014767907224100263,0.0014767907224100263,0.0014767907224100263
2024-09-17,0.0004084582864327668,0.0004084582864327668,0.0004084582864327668
2024-09-18,-0.002965730407402778,-0.002965730407402778,-0.002965730407402778
2024-09-19,0.01706426713245346,0.01706426713245346,0.01706426713245346
2024-09-20,-0.0017284177261265299,-0.0017284177261265299,-0.0017284177261265299
2024-09-23,0.0024987150543154257,0.0024987150543154257,0.0024987150543154257
2024-09-24,0.002861223307927485,0.002861223307927485,0.002861223307927485
2024-09-25,-0.0022053441996479073,-0.0022053441996479073,-0.0022053441996479073
2024-09-26,0.003964638683935373,0.003964638683935373,0.003964638683935373
2024-09-27,-0.0014503630087085995,-0.0014503630087085995,-0.0014503630087085995
2024-09-30,0.00400722886300664,0.00400722886300664,0.00400722886300664
2024-10-01,-0.008958432638663472,-0.008958432638663472,-0.008958432638663472
2024-10-02,0.0004219725084146919,0.0004219725084146919,0.0004219725084146919
2024-10-03,-0.0018280675094037857,-0.0018280675094037857,-0.0018280675094037857
2024-10-04,0.009087269496100392,0.009087269496100392,0.009087269496100392
2024-10-07,-0.009040457987704142,-0.009040457987704142,-0.009040457987704142
2024-10-08,0.00945754134781529,0.00945754134781529,0.00945754134781529
2024-10-09,0.006926462109488218,0.006926462109488218,0.006926462109488218
2024-10-10,-0.001749953629888945,-0.001749953629888945,-0.001749953629888945
2024-10-11,0.005988159557293038,0.005988159557293038,0.005988159557293038
2024-10-14,0.00817823606429302,0.00817823606429302,0.00817823606429302
2024-10-15,-0.007769522317706223,-0.007769522317706223,-0.007769522317706223
2024-10-16,0.004346497308902908,0.004346497308902908,0.004346497308902908
2024-10-17,8.56767013679427e-05,8.56767013679427e-05,8.56767013679427e-05
2024-10-18,0.0038465863373264852,0.0038465863373264852,0.0038465863373264852
2024-10-21,-0.0016422048779181075,-0.0016422048779181075,-0.0016422048779181075
2024-10-22,-0.0005310922072517821,-0.0005310922072517821,-0.0005310922072517821
2024-10-23,-0.009137424564856667,-0.009137424564856667,-0.009137424564856667
2024-10-24,0.002162726927777525,0.002162726927777525,0.002162726927777525
2024-10-25,-0.00034537534899536926,-0.00034537534899536926,-0.00034537534899536926
2024-10-28,0.003091426259955732,0.003091426259955732,0.003091426259955732
2024-10-29,0.0016184996077563962,0.0016184996077563962,0.0016184996077563962
2024-10-30,-0.003025337804825834,-0.003025337804825834,-0.003025337804825834
2024-10-31,-0.019603165693758418,-0.019603165693758418,-0.019603165693758418
2024-11-01,0.004220559958140857,0.004220559958140857,0.004220559958140857
2024-11-04,-0.002153906679928652,-0.002153906679928652,-0.002153906679928652
2024-11-05,0.012091708046168215,0.012091708046168215,0.012091708046168215
2024-11-06,0.024865585678215618,0.024865585678215618,0.024865585678215618
2024-11-07,0.007732376254806939,0.007732376254806939,0.007732376254806939
2024-11-08,0.004331532639676228,0.004331532639676228,0.004331532639676228
2024-11-11,0.0009528259744473466,0.0009528259744473466,0.0009528259744473466
2024-11-12,-0.0031064475544430037,-0.0031064475544430037,-0.0031064475544430037
2024-11-13,0.0004857695137632234,0.0004857695137632234,0.0004857695137632234
2024-11-14,-0.006430017819199607,-0.006430017819199607,-0.006430017819199607
2024-11-15,-0.012808710262234735,-0.012808710262234735,-0.012808710262234735
2024-11-18,0.0040974882082263075,0.0040974882082263075,0.0040974882082263075
2024-11-19,0.0036554827170298676,0.0036554827170298676,0.0036554827170298676
2024-11-20,0.00033879905995104487,0.00033879905995104487,0.00033879905995104487
2024-11-21,0.005368341023434864,0.005368341023434864,0.005368341023434864
2024-11-22,0.003099278746608425,0.003099278746608425,0.003099278746608425
2024-11-25,0.0033921526241242894,0.0033921526241242894,0.0033921526241242894
2024-11-26,0.005221584893826625,0.005221584893826625,0.005221584893826625
2024-11-27,-0.0030300594851132567,-0.0030300594851132567,-0.0030300594851132567
2024-11-29,0.006211856758253864,0.006211856758253864,0.006211856758253864
2024-12-02,0.0017924650477565418,0.0017924650477565418,0.0017924650477565418
2024-12-03,0.0004638854809093651,0.0004638854809093651,0.0004638854809093651
2024-12-04,0.006209500212288388,0.006209500212288388,0.006209500212288388
2024-12-05,-0.0016456003578503298,-0.0016456003578503298,-0.0016456003578503298
2024-12-06,0.0018955341424522487,0.0018955341424522487,0.0018955341424522487
2024-12-09,-0.0051495246006889595,-0.0051495246006889595,-0.0051495246006889595
2024-12-10,-0.0031091188730399955,-0.0031091188730399955,-0.0031091188730399955
2024-12-11,0.0077306637810579115,0.0077306637810579115,0.0077306637810579115
2024-12-12,-0.005152593115945736,-0.005152593115945736,-0.005152593115945736
2024-12-13,-0.00019862181953211877,-0.00019862181953211877,-0.00019862181953211877
2024-12-16,0.004269983555946322,0.004269983555946322,0.004269983555946322
2024-12-17,-0.004120052972255928,-0.004120052972255928,-0.004120052972255928
2024-12-18,-0.029803473706515593,-0.029803473706515593,-0.029803473706515593
2024-12-19,-0.00030710529101718453,-0.00030710529101718453,-0.00030710529101718453
2024-12-20,0.012010996856451017,0.012010996856451017,0.012010996856451017
2024-12-23,0.005988323763746806,0.005988323763746806,0.005988323763746806
2024-12-24,0.011114961325819683,0.011114961325819683,0.011114961325819683
2024-12-26,6.672961356235518e-05,6.672961356235518e-05,6.672961356235518e-05
2024-12-27,-0.010526614947115709,-0.010526614947115709,-0.010526614947115709
2024-12-30,-0.011411504539896478,-0.011411504539896478,-0.011411504539896478
2024-12-31,-0.003638155483276395,-0.003638155483276395,-0.003638155483276395
2025-01-02,-0.002457043731384778,-0.002457043731384778,-0.002457043731384778
2025-01-03,0.012503472598431431,0.012503472598431431,0.012503472598431431
2025-01-06,0.0057605614826703455,0.0057605614826703455,0.0057605614826703455
2025-01-07,-0.011304015371139453,-0.011304015371139453,-0.011304015371139453
2025-01-08,0.0014609389751862878,0.0014609389751862878,0.0014609389751862878
2025-01-10,-0.015267481874933542,-0.015267481874933542,-0.015267481874933542
2025-01-13,0.001550440518178986,0.001550440518178986,0.001550440518178986
2025-01-14,0.0013760358876975243,0.0013760358876975243,0.0013760358876975243
2025-01-15,0.018190085097014475,0.018190085097014475,0.018190085097014475
2025-01-16,-0.0019232784062486186,-0.0019232784062486186,-0.0019232784062486186
2025-01-17,0.010039953635990084,0.010039953635990084,0.010039953635990084
2025-01-21,0.009153584356871525,0.009153584356871525,0.009153584356871525
2025-01-22,0.005621262100971691,0.005621262100971691,0.005621262100971691
2025-01-23,0.005458226803786825,0.005458226803786825,0.005458226803786825
2025-01-24,-0.0029192782547332596,-0.0029192782547332596,-0.0029192782547332596
2025-01-27,-0.014145469544892042,-0.014145469544892042,-0.014145469544892042
2025-01-28,0.008592345476525987,0.008592345476525987,0.008592345476525987
2025-01-29,-0.004482817641149883,-0.004482817641149883,-0.004482817641149883
2025-01-30,0.005366975516582384,0.005366975516582384,0.005366975516582384
2025-01-31,-0.0053217455734846375,-0.0053217455734846375,-0.0053217455734846375
2025-02-03,-0.006729751225148517,-0.006729751225148517,-0.006729751225148517
2025-02-04,0.006708327541154135,0.006708327541154135,0.006708327541154135
2025-02-05,0.004054706329101654,0.004054706329101654,0.004054706329101654
2025-02-06,0.003475511193955949,0.003475511193955949,0.003475511193955949
2025-02-07,-0.00915358332287397,-0.00915358332287397,-0.00915358332287397
2025-02-10,0.006791089757120838,0.006791089757120838,0.006791089757120838
2025-02-11,0.0007606344735717752,0.0007606344735717752,0.0007606344735717752
2025-02-12,-0.0032213909113014694,-0.0032213909113014694,-0.0032213909113014694
2025-02-13,0.0105575681694563,0.0105575681694563,0.0105575681694563
2025-02-14,-4.925370981989641e-05,-4.925370981989641e-05,-4.925370981989641e-05
2025-02-18,0.002935868815777898,0.002935868815777898,0.002935868815777898
2025-02-19,0.0023549433000009667,0.0023549433000009667,0.0023549433000009667
2025-02-20,-0.004160263017604526,-0.004160263017604526,-0.004160263017604526
2025-02-21,-0.01710418249222523,-0.01710418249222523,-0.01710418249222523
2025-02-24,-0.004550376782922472,-0.004550376782922472,-0.004550376782922472
2025-02-25,-0.004973156463911055,-0.004973156463911055,-0.004973156463911055
2025-02-26,0.0005046465936875411,0.0005046465936875411,0.0005046465936875411
2025-02-27,-0.01596182659286549,-0.01596182659286549,-0.01596182659286549
2025-02-28,0.015605502647115355,0.015605502647115355,0.015605502647115355
2025-03-03,-0.017519874487343268,-0.017519874487343268,-0.017519874487343268
2025-03-04,-0.011836787382579095,-0.011836787382579095,-0.011836787382579095
2025-03-05,0.010747699716180614,0.010747699716180614,0.010747699716180614
2025-03-06,-0.01775099668021063,-0.01775099668021063,-0.01775099668021063
2025-03-07,0.005604862391113796,0.005604862391113796,0.005604862391113796
2025-03-10,-0.026635660521632576,-0.026635660521632576,-0.026635660521632576
2025-03-11,-0.008312847977210325,-0.008312847977210325,-0.008312847977210325
2025-03-12,0.005306441097902237,0.005306441097902237,0.005306441097902237
2025-03-13,-0.013330418660348009,-0.013330418660348009,-0.013330418660348009
2025-03-14,0.020655716387676826,0.020655716387676826,0.020655716387676826
2025-03-17,0.007711325978399852,0.007711325978399852,0.007711325978399852
2025-03-18,-0.010808337476654883,-0.010808337476654883,-0.0002
2025-03-19,0.01089078411239508,0.01089078411239508,0.0
2025-03-20,-0.002891692811274549,-0.002891692811274549,-0.0
2025-03-21,0.0003298107530131933,0.0003298107530131933,0.0
2025-03-24,0.017908555198050014,0.017908555198050014,0.0
2025-03-25,0.0024038818271738815,0.0024038818271738815,0.0
2025-03-26,-0.011938232984461727,-0.011938232984461727,-0.0
2025-03-27,-0.002655860384326192,-0.002655860384326192,-0.0
2025-03-28,-0.020138286127721727,-0.020138286127721727,-0.0
2025-03-31,0.006712883545730408,0.006712883545730408,0.0
2025-04-01,0.002824358391568138,0.002824358391568138,0.0
2025-04-02,0.006328434817011397,0.006328434817011397,0.0
2025-04-03,-0.04928069709227745,-0.04928069709227745,-0.0
2025-04-04,-0.05854306726048053,-0.05854306726048053,-0.0
2025-04-07,-0.0017811932094612404,-0.0002,-0.0
2025-04-08,-0.015662714676747957,-0.0,-0.0
2025-04-09,0.1050192812545172,0.0,0.0
2025-04-10,-0.04381899412347667,-0.0,-0.0
2025-04-11,0.017842705515039414,0.0,0.0
2025-04-14,0.009701552505080091,0.0,0.0
2025-04-15,-0.0028009238239182777,-0.0,-0.0
2025-04-16,-0.022228147554083866,-0.0,-0.0
2025-04-17,0.0014269268974194116,0.0,0.0
2025-04-21,-0.02380270230206527,-0.0,-0.0
2025-04-22,0.026017758916625056,0.0,0.0
2025-04-23,0.015495355748962103,0.0,0.0
2025-04-24,0.021049019601060648,0.0,0.0
2025-04-25,0.0072254906411348685,0.0,0.0
2025-04-28,0.00038107777854645697,0.0,0.0
2025-04-29,0.0062995652280137815,0.0,0.0
2025-04-30,0.0003967012984005258,0.0,0.0
2025-05-01,0.007087027044478056,0.0,0.0
2025-05-02,0.014844129127253636,0.0,0.0
2025-05-05,-0.005734294466325229,-0.0,-0.0
2025-05-06,-0.008358320798517949,-0.0,-0.0
2025-05-07,0.004205547385129904,0.0,0.0
2025-05-08,0.006967679730965237,0.0,0.0
2025-05-09,-0.0012742246627532872,-0.0,-0.0
2025-05-12,0.03304740194942668,0.0,0.0
2025-05-13,0.006603941016484205,0.0,0.0
2025-05-14,0.0012780596636838837,0.0,0.0
2025-05-15,0.004884342398821628,0.0,0.0
2025-05-16,0.006334078244299102,0.0,0.0
2025-05-19,0.0010938140906693317,0.0,0.0
2025-05-20,-0.003362128049795521,-0.0,-0.0
2025-05-21,-0.01685079340484308,-0.0,-0.0
2025-05-22,0.0003946470773714683,0.0,0.0
2025-05-23,-0.006825886893621624,-0.0,-0.0
2025-05-27,0.0207906699378142,0.0,0.0
2025-05-28,-0.005785415081261958,-0.0,-0.0
2025-05-29,0.003947487834330188,0.0,0.0
2025-05-30,-0.0011185613277848727,-0.0,-0.0
2025-06-02,0.005632901726823958,0.0,0.0
2025-06-03,0.005702694539053699,0.0,0.0
2025-06-04,-0.000268340270376366,-0.0,-0.0
2025-06-05,-0.00483297524308357,-0.0,-0.0
2025-06-06,0.010269083956155445,0.0,0.0
2025-06-09,0.000901179756201298,0.0,0.0
2025-06-10,0.005669767615193333,0.0,0.0
2025-06-11,-0.0028521190306726174,-0.0,-0.0
2025-06-12,0.003974329163849877,0.0,0.0
2025-06-13,-0.01118006439646746,-0.0,-0.0
2025-06-16,0.009514299887150468,0.0,0.0
2025-06-17,-0.008545236528975764,-0.0,-0.0
2025-06-18,-0.00015063576973428638,-0.0,-0.0
2025-06-20,-0.002348536060589046,-0.0,-0.0
2025-06-23,0.009877376928964843,0.0,0.0
2025-06-24,0.011047415251082215,0.0,0.0
2025-06-25,0.0005601616901342865,0.0,0.0
2025-06-26,0.00782388205272233,0.0,0.0
2025-06-27,0.0049684323619594295,0.0,0.0
2025-06-30,0.004781105489127135,0.0,0.0
2025-07-01,-0.0003235797161743603,-0.0,-0.0
2025-07-02,0.0045332765158159205,0.0,0.0
2025-07-03,0.007881385954874975,0.0,0.0
2025-07-07,-0.0074520170832973465,-0.0,-0.0
2025-07-08,-0.0005477162177452977,-0.0,-0.0
2025-07-09,0.005996626767211355,0.0,0.0
2025-07-10,0.0028203102183428364,0.0,0.0
2025-07-11,-0.0035154238705955576,-0.0,-0.0
2025-07-14,0.0019082159291465839,0.0017082159291465838,0.0
2025-07-15,-0.004273265144196681,-0.004273265144196681,-0.0
2025-07-16,0.0033431911185151097,0.0033431911185151097,0.0
2025-07-17,0.006119689977517551,0.006119689977517551,0.0
2025-07-18,-0.0007324129021104575,-0.0007324129021104575,-0.0
2025-07-21,0.001896175165666536,0.001896175165666536,0.0
2025-07-22,0.00014302326913218089,0.00014302326913218089,0.0
2025-07-23,0.008507639834927083,0.008507639834927083,0.0
2025-07-24,0.00033105252282705777,0.00033105252282705777,0.0
2025-07-25,0.004224349640319147,0.004224349640319147,0.0
2025-07-28,-0.00025119675932994134,-0.00025119675932994134,-0.0
2025-07-29,-0.0026375522185667633,-0.0026375522185667633,-0.0028375522185667633
2025-07-30,-0.001259331011043141,-0.001259331011043141,-0.001259331011043141
2025-07-31,-0.0037512265266995692,-0.0037512265266995692,-0.0037512265266995692
2025-08-01,-0.016390369519761472,-0.016390369519761472,-0.016390369519761472
2025-08-04,0.01519971367995021,0.01519971367995021,0.01519971367995021
2025-08-05,-0.005069966572431306,-0.005069966572431306,-0.005069966572431306
2025-08-06,0.0076597782637986,0.0076597782637986,0.0076597782637986
2025-08-07,-0.0008376239960258269,-0.0008376239960258269,-0.0008376239960258269
2025-08-08,0.007797572699558275,0.007797572699558275,0.007797572699558275
2025-08-11,-0.001977636249400061,-0.001977636249400061,-0.001977636249400061
2025-08-12,0.010646115486174113,0.010646115486174113,0.010646115486174113
2025-08-13,0.003423147456803166,0.003423147456803166,0.003423147456803166
2025-08-14,9.306090191762983e-05,9.306090191762983e-05,9.306090191762983e-05
2025-08-15,-0.002341289856780615,-0.002341289856780615,-0.002341289856780615
2025-08-18,-0.00021763143719111255,-0.00021763143719111255,-0.00021763143719111255
2025-08-19,-0.005425130066677664,-0.005425130066677664,-0.005425130066677664
2025-08-20,-0.0026569874257286186,-0.0026569874257286186,-0.0026569874257286186
2025-08-21,-0.004011918361787603,-0.004011918361787603,-0.004011918361787603
2025-08-22,0.015356692851615561,0.015356692851615561,0.015356692851615561
2025-08-25,-0.004400967127286992,-0.004400967127286992,-0.004400967127286992
2025-08-26,0.004187036349890816,0.004187036349890816,0.004187036349890816
2025-08-27,0.0022785132820093423,0.0022785132820093423,0.0022785132820093423
2025-08-28,0.003541457922389135,0.003541457922389135,0.003541457922389135
2025-08-29,-0.00596377589262187,-0.00596377589262187,-0.00596377589262187
2025-09-02,-0.007410295555874247,-0.007410295555874247,-0.007410295555874247
2025-09-03,0.0054195597134076845,0.0054195597134076845,0.0054195597134076845
2025-09-04,0.008357456059411517,0.008357456059411517,0.008357456059411517
2025-09-05,-0.002896337864108256,-0.002896337864108256,-0.002896337864108256
2025-09-08,0.0024567323434190325,0.0024567323434190325,0.0024567323434190325
2025-09-09,0.002311825610804341,0.002311825610804341,0.002311825610804341
2025-09-10,0.0028908542790047065,0.0028908542790047065,0.0028908542790047065
2025-09-11,0.008310170355944058,0.008310170355944058,0.008310170355944058
2025-09-12,-0.0003346129431468503,-0.0003346129431468503,-0.0003346129431468503
2025-09-15,0.005323952420932088,0.005323952420932088,0.005323952420932088
2025-09-16,-0.0013767927852816886,-0.0013767927852816886,-0.0013767927852816886
2025-09-17,-0.0012424352925486382,-0.0012424352925486382,-0.0012424352925486382
2025-09-18,0.004672445142330339,0.004672445142330339,0.004672445142330339
2025-09-19,0.004952874775332017,0.004952874775332017,0.004952874775332017
2025-09-22,0.004731100453688075,0.004731100453688075,0.004731100453688075
2025-09-23,-0.005443566388828813,-0.005443566388828813,-0.005443566388828813
2025-09-24,-0.003181633452613686,-0.003181633452613686,-0.003181633452613686
2025-09-25,-0.0046134974884720625,-0.0046134974884720625,-0.0046134974884720625
2025-09-26,0.005729144366994232,0.005729144366994232,0.005729144366994232
2025-09-29,0.0028103664411398555,0.0028103664411398555,0.0028103664411398555
2025-09-30,0.0037668667591119753,0.0037668667591119753,0.0037668667591119753
2025-10-01,0.0034074772846366397,0.0034074772846366397,0.0034074772846366397
2025-10-02,0.001151803537192908,0.001151803537192908,0.001151803537192908
2025-10-03,-1.4767362221612679e-05,-1.4767362221612679e-05,-1.4767362221612679e-05
2025-10-06,0.003586228910336109,0.003586228910336109,0.003586228910336109
2025-10-07,-0.003707492250961897,-0.003707492250961897,-0.003707492250961897
2025-10-08,0.005963052412792269,0.005963052412792269,0.005963052412792269
2025-10-09,-0.0028970083792374535,-0.0028970083792374535,-0.0028970083792374535
2025-10-10,-0.02702782789908964,-0.02702782789908964,-0.02702782789908964
2025-10-13,0.015344074693208754,0.015344074693208754,0.015344074693208754
2025-10-14,-0.0012216548034567065,-0.0012216548034567065,-0.0012216548034567065
2025-10-15,0.004439523175783,0.004439523175783,0.004439523175783
2025-10-16,-0.006810261153983976,-0.006810261153983976,-0.006810261153983976
2025-10-17,0.0056763938002961645,0.0056763938002961645,0.0056763938002961645
2025-10-20,0.010400475399621634,0.010400475399621634,0.010400475399621634
2025-10-21,-1.4904481475785936e-05,-1.4904481475785936e-05,-1.4904481475785936e-05
2025-10-22,-0.0051989069274410715,-0.0051989069274410715,-0.0051989069274410715
2025-10-23,0.005929891190499692,0.005929891190499692,0.005929891190499692
2025-10-24,0.008172571104630766,0.008172571104630766,0.008172571104630766
2025-10-27,0.011797712023148943,0.011797712023148943,0.011797712023148943
2025-10-28,0.002655998956591077,0.002655998956591077,0.002655998956591077
2025-10-29,0.0004803870398957244,0.0004803870398957244,0.0004803870398957244
2025-10-30,-0.010998143937076876,-0.010998143937076876,-0.010998143937076876
2025-10-31,0.0032800997320787673,0.0032800997320787673,0.0032800997320787673
2025-11-03,0.0018767772528909266,0.0018767772528909266,0.0018767772528909266
2025-11-04,-0.011853539942447533,-0.011853539942447533,-0.011853539942447533
2025-11-05,0.003465389196996238,0.003465389196996238,0.003465389196996238
2025-11-06,-0.010729333212666003,-0.010729333212666003,-0.010729333212666003
2025-11-07,0.0009845075813768034,0.0009845075813768034,0.0009845075813768034
2025-11-10,0.015604343307994428,0.015604343307994428,0.015604343307994428
2025-11-11,0.0022892399865568347,0.0022892399865568347,0.0022892399865568347
2025-11-12,0.0005564884786124491,0.0005564884786124491,0.0005564884786124491
2025-11-13,-0.016594019980226582,-0.016594019980226582,-0.016594019980226582
2025-11-14,-0.00016376876033719068,-0.00016376876033719068,-0.00016376876033719068
2025-11-17,-0.009316433429244597,-0.009316433429244597,-0.009316433429244597
2025-11-18,-0.00839755277010068,-0.00839755277010068,-0.00839755277010068
2025-11-19,0.00386320014283692,0.00386320014283692,0.00386320014283692
2025-11-20,-0.015242245459799575,-0.015242245459799575,-0.015242245459799575
2025-11-21,0.009961222976632822,0.009961222976632822,0.009961222976632822
2025-11-24,0.014718507062180475,0.014718507062180475,0.014718507062180475
2025-11-25,0.009405991442055894,0.009405991442055894,0.009405991442055894
2025-11-26,0.006903483450626968,0.006903483450626968,0.006903483450626968
2025-11-28,0.005458406338614941,0.005458406338614941,0.005458406338614941
2025-12-01,-0.004565505423429594,-0.004565505423429594,-0.004565505423429594
2025-12-02,0.001852299674079072,0.001852299674079072,0.001852299674079072
2025-12-03,0.0034627677932603795,0.0034627677932603795,0.0034627677932603795
2025-12-04,0.0007310561539983773,0.0007310561539983773,0.0007310561539983773
2025-12-05,0.0018995368427094927,0.0018995368427094927,0.0018995368427094927
2025-12-08,-0.0030042775146746914,-0.0030042775146746914,-0.0030042775146746914
2025-12-09,-0.0008630551776172002,-0.0008630551776172002,-0.0008630551776172002
2025-12-10,0.006632177546088913,0.006632177546088913,0.006632177546088913
2025-12-11,0.002326948130527251,0.002326948130527251,0.002326948130527251
2025-12-12,-0.01075196892753394,-0.01075196892753394,-0.01075196892753394
2025-12-15,-0.0015108877827512135,-0.0015108877827512135,-0.0015108877827512135
2025-12-16,-0.00273229759527871,-0.00273229759527871,-0.00273229759527871
2025-12-17,-0.011003620102041367,-0.011003620102041367,-0.011003620102041367
2025-12-18,0.0075513325776148665,0.0075513325776148665,0.0075513325776148665
2025-12-19,0.009063445479451815,0.009063445479451815,0.009063445479451815
2025-12-22,0.006229892278320159,0.006229892278320159,0.006229892278320159
2025-12-23,0.004570454818432879,0.004570454818432879,0.004570454818432879
2025-12-24,0.0035176203055324873,0.0035176203055324873,0.0035176203055324873
2025-12-26,-0.00010141503224314619,-0.00010141503224314619,-0.00010141503224314619
2025-12-29,-0.003563628207054803,-0.003563628207054803,-0.003563628207054803
2025-12-30,-0.0012211007345822589,-0.0012211007345822589,-0.0012211007345822589
2025-12-31,-0.007408967373390696,-0.007408967373390696,-0.007408967373390696
