Date,AR,dAR
2018-02-28,0.7001666850137681,0.5621275258562753
2018-03-01,0.6970379905403996,0.6248254043411076
2018-03-02,0.6952755311744809,0.6497467013964634
2018-03-05,0.6976437879806761,0.6741070839139283
2018-03-06,0.6970136272786355,0.6937972152167042
2018-03-07,0.6957099779088575,0.7127153430550389
2018-03-08,0.6989835688690631,0.7308153258294744
2018-03-09,0.70419274713742,0.7509580345772316
2018-03-12,0.7037031918430225,0.7709248579841819
2018-03-13,0.7040724710736667,0.7909367057153077
2018-03-14,0.7041351091705854,0.8120891585455309
2018-03-15,0.7032063386859085,0.8328258572948688
2018-03-16,0.7030824548753913,0.8475965754393004
2018-03-19,0.7062218133602645,0.8655451024959442
2018-03-20,0.7066623781530572,0.8787225761241504
2018-03-21,0.702402418953938,0.8842646575368367
2018-03-22,0.7117355161276957,0.9048515386965832
2018-03-23,0.717299638085721,0.9339556638220451
2018-03-26,0.7251911032599387,0.9689381472881443
2018-03-27,0.7259942594350688,1.0056795443361206
2018-03-28,0.7230768756786213,1.0407520265074823
2018-03-29,0.7261148718867342,1.0747878410890548
2018-04-02,0.7325331126948126,1.1090439825413196
2018-04-03,0.7341240125229731,1.1458963091348742
2018-04-04,0.7343659998949662,1.1826137929061793
2018-04-05,0.7343690475536917,1.2189349160755014
2018-04-06,0.7400199361876378,1.2625114548335135
2018-04-09,0.7396402957112287,1.3054386607564763
2018-04-10,0.7422786126041033,1.3470208748207455
2018-04-11,0.741782858383546,1.387347358950279
2018-04-12,0.7414627035155449,1.432464794074516
2018-04-13,0.7400645781667861,1.4639109621336523
2018-04-16,0.7399463747388805,1.4881810902691581
2018-04-17,0.7400064453905801,1.5025124695598675
2018-04-18,0.7392092413227718,1.5149434465319083
2018-04-19,0.7379726063977837,1.5299049135899045
2018-04-20,0.7379796976632296,1.5409560812907903
2018-04-23,0.737796946877996,1.5434658736669569
2018-04-24,0.7385042717550928,1.5451956227928572
2018-04-25,0.738071360419092,1.5462916717830117
2018-04-26,0.7381749647103029,1.547592179425106
2018-04-27,0.7385857497298352,1.5424998190992985
2018-04-30,0.7393435535837276,1.5383848079268767
2018-05-01,0.7388208277527383,1.530542747229487
2018-05-02,0.7382731944958424,1.52270564159462
2018-05-03,0.7382499016175004,1.514913707079368
2018-05-04,0.7405914731417022,1.5107980528076905
2018-05-07,0.7410648813346384,1.5073768138252037
2018-05-08,0.7415073004111994,1.5043706366260585
2018-05-09,0.7428295888954246,1.5038395276180092
2018-05-10,0.7442170962803324,1.5056887304078048
2018-05-11,0.7435188232527783,1.5071105870626236
2018-05-14,0.7433463773525374,1.508646882090756
2018-05-15,0.7437207835524587,1.5094975265600878
2018-05-16,0.7436902265781555,1.510643767317553
2018-05-17,0.7407446026486232,1.5091069570472027
2018-05-18,0.7401847824688691,1.5064795483478448
2018-05-21,0.7399147811612856,1.502950116963768
2018-05-22,0.7391930787829794,1.4993662138452664
2018-05-23,0.7394333870397952,1.4968502448824947
2018-05-24,0.7387696716411664,1.4935830997564472
2018-05-25,0.7389637408926614,1.4872448641674338
2018-05-29,0.7389278713936306,1.4803138578571424
2018-05-30,0.7399103501331695,1.4737903937812409
2018-05-31,0.7401209288107258,1.4659075041504837
2018-06-01,0.7397674318314731,1.4562248711654657
2018-06-04,0.7389146754629936,1.4465275399904949
2018-06-05,0.7384647287814445,1.436680657034162
2018-06-06,0.738792236329848,1.4265671330408098
2018-06-07,0.7381105334088995,1.4160088237680952
2018-06-08,0.7381120532728718,1.4089714706540297
2018-06-11,0.7425258943101082,1.4060930935688267
2018-06-12,0.7431614182894496,1.4038467466638773
2018-06-13,0.7422900212142444,1.4016257503919316
2018-06-14,0.7430352980978385,1.3997874183476708
2018-06-15,0.7419405044399766,1.3978005904474504
2018-06-18,0.7420147231760121,1.3954669483374458
2018-06-19,0.7413974609308669,1.3926532133414535
2018-06-20,0.7409795975992216,1.3883351908259765
2018-06-21,0.7431725709483935,1.3857868231185193
2018-06-22,0.7419788505204207,1.382442406404341
2018-06-25,0.7434479189615331,1.381116200800082
2018-06-26,0.7430957901577795,1.3777361889281776
2018-06-27,0.7414747018224155,1.371629968505032
2018-06-28,0.7406467957672179,1.3652520748165262
2018-06-29,0.7405240785424254,1.358457509007137
2018-07-02,0.7391936776383429,1.3452902538419182
2018-07-03,0.7398388731036577,1.332167236020384
2018-07-05,0.7427284686619315,1.322573873245394
2018-07-06,0.7425078251888066,1.3121351947641182
2018-07-09,0.7445280184842601,1.3049323397131507
2018-07-10,0.7446424080032951,1.2975161780698314
2018-07-11,0.7450734396979998,1.2912744287171833
2018-07-12,0.7441537540921526,1.284703190556822
2018-07-13,0.7438434261225811,1.2755315258624542
2018-07-16,0.7419577823589578,1.2660231822589456
2018-07-17,0.7411207032556822,1.2542463568827762
2018-07-18,0.7401012972470425,1.2420254412121525
2018-07-19,0.7398679867441097,1.2314804158634554
2018-07-20,0.7398585133671511,1.2219555260680084
2018-07-23,0.738991020570741,1.2118411547873853
2018-07-24,0.738641104860348,1.2029079802695386
2018-07-25,0.7400873352679508,1.1946805831982277
2018-07-26,0.7380975242793153,1.1816069330146557
2018-07-27,0.738906036448947,1.1695818201212764
2018-07-30,0.7383683412642673,1.1549736216197675
2018-07-31,0.7378114066531231,1.1398287542290926
2018-08-01,0.7364639385367912,1.123191003720952
2018-08-02,0.7356490440832409,1.1069250371059818
2018-08-03,0.7363425069265332,1.0917061993465653
2018-08-06,0.7364278529429343,1.0786647163035243
2018-08-07,0.7367239928944885,1.066813252950132
2018-08-08,0.7364587168371629,1.0559208024535627
2018-08-09,0.7362551465539965,1.0451611969600703
2018-08-10,0.7344667944241646,1.03294641678959
2018-08-13,0.7352661274407646,1.022440804904188
2018-08-14,0.7353474679432571,1.01247888739136
2018-08-15,0.7356500185045246,1.0013090296834386
2018-08-16,0.7364288039606597,0.9929256331839401
2018-08-17,0.7338897158881381,0.9816376510162054
2018-08-20,0.7342927714250633,0.9713790630938279
2018-08-21,0.7344095149683133,0.9618577899135481
2018-08-22,0.7330730006567978,0.9526157715588308
2018-08-23,0.7337161610026633,0.9448049047166412
2018-08-24,0.7341910950491932,0.9367480799199488
2018-08-27,0.7348067724698714,0.9292486094054005
2018-08-28,0.7347276192649691,0.9213695477011786
2018-08-29,0.7348347902259122,0.9138434101238696
2018-08-30,0.7350276060939807,0.9067310769156542
2018-08-31,0.7350294410932648,0.9014717193736957
2018-09-04,0.7347101591551095,0.8951445315730788
2018-09-05,0.7338319809558783,0.8879185315803735
2018-09-06,0.7336542837353837,0.8802679891800845
2018-09-07,0.7349113034422575,0.8729796586012483
2018-09-10,0.7359664625570361,0.8693240916899372
2018-09-11,0.7349493478811155,0.863645622546592
2018-09-12,0.7336511512834526,0.8566638924066021
2018-09-13,0.7337519326676896,0.8509444722052074
2018-09-14,0.7342601019278572,0.8450624554035214
2018-09-17,0.7334605115440527,0.8379674539367206
2018-09-18,0.7334518085495695,0.8302789332643091
2018-09-19,0.7336352675665293,0.8228788351352679
2018-09-20,0.7338579989892795,0.8156158098194654
2018-09-21,0.7335769581066542,0.8078534647027157
2018-09-24,0.7316273585242277,0.7983233059504662
2018-09-25,0.7330092431107336,0.7903533598172153
2018-09-26,0.7323772865951529,0.7827085474214658
2018-09-27,0.7319338328762143,0.7749019356494006
2018-09-28,0.7323787006846585,0.7663351249959952
2018-10-01,0.7323095810323327,0.7566291379340766
2018-10-02,0.7315531042408836,0.7472544560159724
2018-10-03,0.7317214534230021,0.7393532296416975
2018-10-04,0.7304471654567953,0.7301579729518063
2018-10-05,0.7300346515286209,0.7200799520043702
2018-10-08,0.7294657564020627,0.7103010824112169
2018-10-09,0.726218993627055,0.6975300075525099
2018-10-10,0.7349055658497108,0.692624964764591
2018-10-11,0.7381090161850156,0.6904234368759847
2018-10-12,0.7369238170834562,0.6874323366249625
2018-10-15,0.7367439604094177,0.6862660124571348
2018-10-16,0.7397440786261097,0.6865080366616588
2018-10-17,0.7393780386856523,0.6870725279839732
2018-10-18,0.7405729190115042,0.6892224798149034
2018-10-19,0.7402563005093892,0.6906574270052995
2018-10-22,0.7387586823545415,0.6908189899667188
2018-10-23,0.7379572345576189,0.6910678182438245
2018-10-24,0.7459360718552966,0.6986019615103619
2018-10-25,0.7457308459784597,0.7073208490092463
2018-10-26,0.7480265441086514,0.718641880160425
2018-10-29,0.7494754560629185,0.7319068981391961
2018-10-30,0.7517798643772566,0.7507309573152348
2018-10-31,0.7521738520868941,0.7610625578858069
2018-11-01,0.7526235766137999,0.7685704355853393
2018-11-02,0.7529664289826113,0.777689092390636
2018-11-05,0.7527276554074687,0.786861560812408
2018-11-06,0.7551627882479587,0.7952920316358664
2018-11-07,0.7574233045653888,0.8064034425930423
2018-11-08,0.7567505429357664,0.8157987644765474
2018-11-09,0.7570621680436435,0.8262881425463829
2018-11-12,0.7596932595712932,0.8412859379549252
2018-11-13,0.7584427728685893,0.8561529245631118
2018-11-14,0.7585719787132423,0.8627691016603528
2018-11-15,0.7588894265990808,0.8699275526215708
2018-11-16,0.758673295554524,0.8745736596811726
2018-11-19,0.7574644829754291,0.8765941331746441
2018-11-20,0.7598941471797266,0.8785950994553422
2018-11-21,0.7595254564641083,0.8799188703634907
2018-11-23,0.758609262976762,0.8799156272519477
2018-11-26,0.7593831713996576,0.8804381186100069
2018-11-27,0.7591931106458375,0.8811997997218035
2018-11-28,0.7622302170934966,0.8823895048603662
2018-11-29,0.7638913486764906,0.8829912498138782
2018-11-30,0.7639097610216258,0.8842160483999546
2018-12-03,0.7641644872708049,0.8854959365869104
2018-12-04,0.7732551849289772,0.8933015156368302
2018-12-06,0.7718832049142264,0.9013893987524711
2018-12-07,0.7743510352855425,0.9121262149912518
2018-12-10,0.7731177729543408,0.9217866373135204
2018-12-11,0.7728550750436535,0.9316896654600214
2018-12-12,0.7729314596837759,0.9433730507397708
2018-12-13,0.7734146604154148,0.9532115205542581
2018-12-14,0.774081207826996,0.9645651233312045
2018-12-17,0.777641621963657,0.9817225513382196
2018-12-18,0.7749090446200049,0.995534227250724
2018-12-19,0.7760572077313622,1.01135094568381
2018-12-20,0.7771475910079666,1.0250963981755685
2018-12-21,0.7784673125247189,1.0389158861965477
2018-12-24,0.7830347216518062,1.0583782064333427
2018-12-26,0.7957215508190307,1.0919635407873967
2018-12-27,0.7962225091605881,1.115634793252204
2018-12-28,0.7962117320727672,1.1419925543301634
2018-12-31,0.7965243133480878,1.1671221420736786
2019-01-02,0.7962770142445799,1.1949002888254543
2019-01-03,0.7970683126487341,1.2251396138700734
2019-01-04,0.8022108125191492,1.2626257599604436
2019-01-07,0.8017518443038256,1.3004371841367395
2019-01-08,0.8020904116440758,1.3394858255082125
2019-01-09,0.8021841404475214,1.3755161536529321
2019-01-10,0.8025112437870586,1.4178895445763215
2019-01-11,0.802429934175079,1.460020325708043
2019-01-14,0.8018997407088895,1.5014097715389962
2019-01-15,0.8013559085152688,1.5425136111271494
2019-01-16,0.80069085050145,1.5782961686809625
2019-01-17,0.8005383077684141,1.595868856605666
2019-01-18,0.8015805206906823,1.6157424255355417
2019-01-22,0.8025133133060991,1.6393458198700885
2019-01-23,0.8026800434191305,1.6656750390994284
2019-01-24,0.8022595666123622,1.6950028510129875
2019-01-25,0.8024058463750544,1.7273879995078536
2019-01-28,0.802527210138776,1.7563241687418791
2019-01-29,0.8014718104677877,1.788406040789189
2019-01-30,0.8021287057116301,1.8232631147145903
2019-01-31,0.8016238819850803,1.8624467859476044
2019-02-01,0.8019683743642639,1.910612085001343
2019-02-04,0.8023328861276238,1.965677023272915
2019-02-05,0.8011514875287599,2.0106199977660943
2019-02-06,0.7935433499655816,2.004696126441392
2019-02-07,0.793355069597086,1.9985840403906967
2019-02-08,0.7936331122658346,1.99406076540324
2019-02-11,0.7869904179692259,1.9570722451393072
2019-02-12,0.7875950274815299,1.9176348448697147
2019-02-13,0.7865144217513287,1.874302789425599
2019-02-14,0.785971287718203,1.831079286953892
2019-02-15,0.7852810403978947,1.7847073115547911
2019-02-19,0.784877689667175,1.735877779430046
2019-02-20,0.7843233981865456,1.6885683970795717
2019-02-21,0.7839999643646338,1.638857276686406
2019-02-22,0.7840465317880192,1.5905977249939287
2019-02-25,0.7846616511479125,1.542630033768169
2019-02-26,0.7836515747780061,1.4897974849104252
2019-02-27,0.7832685064633345,1.4387231529841147
2019-02-28,0.7822181809677327,1.40346969094133
2019-03-01,0.7816136031623688,1.3667426412608112
2019-03-04,0.7808359587076742,1.3283240546069608
2019-03-05,0.781152758172885,1.3081653883424478
2019-03-06,0.780271272614841,1.2838518849230154
2019-03-07,0.7809696359641303,1.2640791438916086
2019-03-08,0.7810954161107343,1.2464041170628486
2019-03-11,0.7819067135231088,1.231577591548047
2019-03-12,0.7800637676806887,1.212465685262068
2019-03-13,0.780632066137802,1.1962843663892717
2019-03-14,0.7803774419522166,1.1803536718675347
2019-03-15,0.7803935758789265,1.1643655347291426
2019-03-18,0.7807811964945531,1.1478536204577334
2019-03-19,0.7804747451053461,1.133446867416675
2019-03-20,0.7784011663965518,1.1144935268601501
2019-03-21,0.7784809317515017,1.0985449886388658
2019-03-22,0.7822348927273264,1.0943459773137725
2019-03-25,0.7793046810322698,1.0834841631451329
2019-03-26,0.7778121901453271,1.067315375995907
2019-03-27,0.7746222792465102,1.0449949262942002
2019-03-28,0.7735717838406652,1.0179987623095
2019-03-29,0.7744047500162377,0.9928794425141308
2019-04-01,0.7738828200098548,0.96392958566509
2019-04-02,0.7704136979929054,0.9312002412293737
2019-04-03,0.7688527555983837,0.8928003661912608
2019-04-04,0.7685059176464456,0.8541750725362082
2019-04-05,0.7685214746465653,0.8154831022295075
2019-04-08,0.7653261639452938,0.7675619876432672
2019-04-09,0.7658965982002489,0.7219414114141014
2019-04-10,0.7640627865808591,0.677588716729709
2019-04-11,0.7640608511203455,0.632912582379745
2019-04-12,0.7631460033965872,0.574961206601873
2019-04-15,0.7636945900686789,0.5266523050905885
2019-04-16,0.762597223332414,0.4796008801896447
2019-04-17,0.7604436685955056,0.4358517087021978
2019-04-18,0.7607093311244231,0.39566044943141376
2019-04-22,0.7610476679357698,0.3537456689793709
2019-04-23,0.76054085826458,0.31186155739402555
2019-04-24,0.7605025361724568,0.2797620419457906
2019-04-25,0.7585918140518013,0.24699815363369731
2019-04-26,0.7577121888470512,0.21269735424805364
2019-04-29,0.7576976325837419,0.17823163652813412
2019-04-30,0.7577818214176789,0.1532436559205417
2019-05-01,0.7573401523036094,0.1254384191290808
2019-05-02,0.757610098430603,0.10355991331416362
2019-05-03,0.7589123347519863,0.08511142947497556
2019-05-06,0.758931646849057,0.06933140514299521
2019-05-07,0.759920365150357,0.05500941530475119
2019-05-08,0.7598350351250729,0.04371255570981203
2019-05-09,0.7598460933400201,0.038808432590359224
2019-05-10,0.7594605992265858,0.03227684922728788
2019-05-13,0.7625324638589787,0.03345792048512798
2019-05-14,0.7636241719075417,0.039025465302824754
2019-05-15,0.7634611729328598,0.04423497100255265
2019-05-16,0.7636800653193686,0.05574407827245691
2019-05-17,0.7641272357931491,0.07109358191833444
2019-05-20,0.7640698508813892,0.08586749064157809
2019-05-21,0.7649131535479455,0.10267576151201295
2019-05-22,0.7648732289558763,0.1206792148602565
2019-05-23,0.7663932584517151,0.14204071385121125
2019-05-24,0.7664586950580786,0.15982266538384496
2019-05-28,0.7677242436680334,0.1810181810701562
2019-05-29,0.7689467463057953,0.20276671331463164
2019-05-30,0.769414971374704,0.22612886184752604
2019-05-31,0.7697555760235825,0.25060814285180005
2019-06-03,0.7661180433530375,0.26619147838951396
2019-06-04,0.7687567154673697,0.27996978306747694
2019-06-05,0.7700468627473315,0.29401712605709146
2019-06-06,0.7700414948524754,0.3085299166146142
2019-06-07,0.7705253258644221,0.32383232642762766
2019-06-10,0.7715704782734384,0.3406877598241273
2019-06-11,0.7715144816160369,0.3576232818852495
2019-06-12,0.7713520405344937,0.37214922137407797
2019-06-13,0.7714335967133544,0.3871375429277317
2019-06-14,0.7717893504796934,0.39846802998134523
2019-06-17,0.7712986185909966,0.4083459945974261
2019-06-18,0.7727183189733566,0.41828276991125907
2019-06-19,0.773460002700936,0.4266418727663092
2019-06-20,0.7746340556661595,0.4368339668205643
2019-06-21,0.7742853508038993,0.4450078289007321
2019-06-24,0.7738046535857812,0.4631321969179512
2019-06-25,0.7749629469682031,0.47641526284289887
2019-06-26,0.7745153226921861,0.4847176372631246
2019-06-27,0.7746631136758786,0.49344246694464766
2019-06-28,0.7755741756617476,0.5031242429949084
2019-07-01,0.7757130175783958,0.5099767701601529
2019-07-02,0.7759648023508471,0.5177348624629572
2019-07-03,0.777461895706163,0.5301282330455408
2019-07-05,0.7779076203349212,0.5436334726652325
2019-07-08,0.7774671772436496,0.5551079442135848
2019-07-09,0.7769730383685041,0.5667179827451586
2019-07-10,0.7761557748149984,0.571894817729654
2019-07-11,0.7761404893717533,0.5747912115910178
2019-07-12,0.7758148234276374,0.5732273120031893
2019-07-15,0.7757512944313097,0.5724869306849159
2019-07-16,0.7755286268885773,0.5725849207652038
2019-07-17,0.776559663800555,0.5719063916919598
2019-07-18,0.7769875028320768,0.5737823983423147
2019-07-19,0.7781975584337077,0.5785986632691861
2019-07-22,0.7785625410980345,0.5816630374763557
2019-07-23,0.7784169404764606,0.5839239720984055
2019-07-24,0.778997826209435,0.5870470066812203
2019-07-25,0.779488427367056,0.5869391348673307
2019-07-26,0.7787856838982956,0.5835490687193777
2019-07-29,0.7801892902472134,0.5854660802345291
2019-07-30,0.7794135999716776,0.5867913945893634
2019-07-31,0.780390196276767,0.5935036315973767
2019-08-01,0.7810295770244131,0.6021491318790592
2019-08-02,0.7823730115521496,0.6157261993294921
2019-08-05,0.7877304689198622,0.6449409222284327
2019-08-06,0.787850532743364,0.6753851336401735
2019-08-07,0.7867201086734874,0.6995200447335259
2019-08-08,0.7885956444267196,0.727806493237091
2019-08-09,0.7889623609197992,0.7534642370289543
2019-08-12,0.7900780375652214,0.7813054455748815
2019-08-13,0.7910697575709343,0.8126873935503991
2019-08-14,0.7958226179509712,0.8557381296358642
2019-08-15,0.7958489021069706,0.8974888158410439
2019-08-16,0.7970599669348909,0.9450287084986955
2019-08-19,0.7973837737095067,0.9890922127388344
2019-08-20,0.7972898013967576,1.0359024722909669
2019-08-21,0.7974093920776869,1.080145575880978
2019-08-22,0.796994658039638,1.1214808882789982
2019-08-23,0.8010277490748468,1.169984060801891
2019-08-26,0.8015052367073465,1.2026581415710385
2019-08-27,0.801486907983646,1.2350714472407127
2019-08-28,0.8011557805349833,1.270402057733157
2019-08-29,0.8022049126490783,1.3027639597526592
2019-08-30,0.8021706891719349,1.3341132602297736
2019-09-03,0.8024164347255294,1.3627460532240094
2019-09-04,0.8029985030627468,1.389999233173607
2019-09-05,0.8037749204432099,1.4042341398779172
2019-09-06,0.8044800852729469,1.4208001307674447
2019-09-09,0.803522815324146,1.4312777363932008
2019-09-10,0.8027676025328845,1.4386000669693348
2019-09-11,0.8025979411999308,1.4457323765013297
2019-09-12,0.8024997642274043,1.4528226942559719
2019-09-13,0.8027222736555549,1.4626364473183706
2019-09-16,0.7987881646943705,1.448722273035132
2019-09-17,0.7985226701389561,1.4324453142605662
2019-09-18,0.7989926491863046,1.4179483489691649
2019-09-19,0.7989318126530893,1.404530934107344
2019-09-20,0.7991765292578644,1.3883345602224308
2019-09-23,0.7990399593314761,1.371893607010517
2019-09-24,0.7995827722561162,1.356375262503464
2019-09-25,0.800995886481606,1.3438022710855515
2019-09-26,0.8011034309746599,1.328462399343245
2019-09-27,0.8015339502637433,1.3123015759252135
2019-09-30,0.8014238071571141,1.2994687668909821
2019-10-01,0.8018947574489788,1.2906573250896203
2019-10-02,0.8033845789841758,1.2870984238719179
2019-10-03,0.804337198473219,1.2873514879749588
2019-10-04,0.8046744119987744,1.2881123633863643
2019-10-07,0.8055218758318523,1.3066972011999767
2019-10-08,0.8068349432466332,1.3311371865544457
2019-10-09,0.8077042361998651,1.3576510124961738
2019-10-10,0.8108078338122574,1.3966915488959741
2019-10-11,0.8071288894037041,1.4196965568263742
2019-10-14,0.8055641191632549,1.4374395498180599
2019-10-15,0.8063690053990827,1.4568433920186254
2019-10-16,0.806344558611047,1.471562873073069
2019-10-17,0.8048743374855477,1.4802018880760321
2019-10-18,0.8054459171272221,1.4896769392371565
2019-10-21,0.8044623900818864,1.4963144123791259
2019-10-22,0.8040996904430705,1.5006192407680061
2019-10-23,0.8052286211466949,1.504082281293881
2019-10-24,0.8053181226204758,1.505103022171674
2019-10-25,0.8013690064596927,1.4874031903594132
2019-10-28,0.8012268485460853,1.4660138634306685
2019-10-29,0.7992214173065266,1.4313360540115976
2019-10-30,0.799214627064363,1.3922951017139549
2019-10-31,0.7983624590823118,1.3364329247657958
2019-11-01,0.7989017936446323,1.2971832918432573
2019-11-04,0.799392190760101,1.2658453133951235
2019-11-05,0.7996911165545345,1.2320339571000651
2019-11-06,0.8000357817384605,1.199530521172531
2019-11-07,0.800146545565821,1.1727964836997218
2019-11-08,0.7984778450695384,1.1369903377547101
2019-11-11,0.7990725954051494,1.1075690920580445
2019-11-12,0.7989950820564348,1.0792630160777716
2019-11-13,0.7974157326401222,1.0397231547815062
2019-11-14,0.7984331386743727,1.0036921609008247
2019-11-15,0.7978707918453484,0.9822687927155772
2019-11-18,0.7975732820201547,0.9602314075632874
2019-11-19,0.7978759063757651,0.9479712852839662
2019-11-20,0.7988707002303607,0.9397697851122749
2019-11-21,0.7962062760474602,0.9246359687214384
2019-11-22,0.7960889987210801,0.9067143985982935
2019-11-25,0.7966305472906984,0.8888463481539437
2019-11-26,0.7959406984779138,0.8667686576204343
2019-11-27,0.7963698083046041,0.8447988164849299
2019-11-29,0.7945178607331996,0.8145038220869006
2019-12-02,0.7950960236586101,0.7937451564870106
2019-12-03,0.7955297687828502,0.7720220628550654
2019-12-04,0.7957294464188712,0.7513778826578477
2019-12-05,0.7896925079781054,0.7132548973642814
2019-12-06,0.7913754307666716,0.6773445345457407
2019-12-09,0.7896655002173577,0.6370459586762206
2019-12-10,0.79118450990194,0.6041988131444783
2019-12-11,0.7911275274162032,0.5696511674996896
2019-12-12,0.7922527916647769,0.5352634224575541
2019-12-13,0.7925905468463819,0.51433191093936
2019-12-16,0.7920115270168159,0.4915768286748855
2019-12-17,0.7878857462274235,0.4495661275401223
2019-12-18,0.7904641495872706,0.4210179342083493
2019-12-19,0.7888288718795607,0.3837667715761609
2019-12-20,0.7872070894190216,0.3481813066542284
2019-12-23,0.7853968951711964,0.30248704493036094
2019-12-24,0.7808992506755452,0.2366288156750508
2019-12-26,0.7623553290517826,0.09379748180702296
2019-12-27,0.7623021909341465,-0.02072776597463566
2019-12-30,0.7624553884748427,-0.14121373331079892
2019-12-31,0.761999249108071,-0.254926040274056
2020-01-02,0.7592055724636124,-0.3857595442709946
2020-01-03,0.7566318076418488,-0.5249643283023969
2020-01-06,0.7455198058240472,-0.7082742440768989
2020-01-07,0.7464938469079451,-0.885909849133631
2020-01-08,0.7449752333908349,-1.062894642179187
2020-01-09,0.7450514989604355,-1.2188599275355503
2020-01-10,0.7458103026839789,-1.3806036585890828
2020-01-13,0.7457347351056044,-1.5332505854751313
2020-01-14,0.7461005657686592,-1.6758033052351133
2020-01-15,0.746710317946432,-1.8071664893610822
2020-01-16,0.748763293638169,-1.9127505771440265
2020-01-17,0.7484060993112819,-1.943546021758189
2020-01-21,0.7470830851744213,-1.9780512575000506
2020-01-22,0.7441707800514964,-2.0212066743586257
2020-01-23,0.7438553913284284,-2.0632790731912665
2020-01-24,0.745582105893367,-2.089668486184915
2020-01-27,0.7494103336429323,-2.095978705774065
2020-01-28,0.7502995296195675,-2.0570842472261335
2020-01-29,0.751660737618667,-2.0184313404168726
2020-01-30,0.7487377254708032,-1.9828603849666973
2020-01-31,0.7533383484477478,-1.9350359481847295
2020-02-03,0.752418787027343,-1.8933638650657059
2020-02-04,0.7532313245332991,-1.8496071163702628
2020-02-05,0.7540711304172425,-1.8048669376748112
2020-02-06,0.7541784771525394,-1.7613163819096016
2020-02-07,0.7532303881941689,-1.728802568089307
2020-02-10,0.753361882229996,-1.694971010270652
2020-02-11,0.752503900523479,-1.6591638116390077
2020-02-12,0.751423799582938,-1.6160619045886149
2020-02-13,0.7514827138174596,-1.5722476953700204
2020-02-14,0.7525040612224589,-1.5323967376691645
2020-02-18,0.7516943760721537,-1.509593831036961
2020-02-19,0.7520728157462861,-1.4893021732891707
2020-02-20,0.752150712838831,-1.4741048485227124
2020-02-21,0.7517957721513064,-1.4495871202584154
2020-02-24,0.7625574727429133,-1.409280910998025
2020-02-25,0.7724932261465021,-1.3336012541199065
2020-02-26,0.770625129984614,-1.2672093477143602
2020-02-27,0.7874767514965927,-1.1464014530908213
2020-02-28,0.7862889905063337,-1.0304092367801854
2020-03-02,0.8027774750110895,-0.8523002252974898
2020-03-03,0.8056720544006221,-0.6656192373516059
2020-03-04,0.8157485162009488,-0.44170579299705937
2020-03-05,0.8212991311966563,-0.19854281762738984
2020-03-06,0.8208880100859016,0.03845175912117861
2020-03-09,0.8451148148673733,0.34198846674831956
2020-03-10,0.849755157634424,0.6479416750863386
2020-03-11,0.857930932167332,0.9579266697927441
2020-03-12,0.881782489067108,1.2980774316467631
2020-03-13,0.8923487065378192,1.6286246361101306
2020-03-16,0.9098831961838609,1.9208075520137333
2020-03-17,0.9115312252726986,2.163437300047384
2020-03-18,0.9129627544443691,2.3940775360065727
2020-03-19,0.9131629207064935,2.5695116199723373
2020-03-20,0.9150707852669006,2.739572704622169
2020-03-23,0.9128293990792202,2.864578000143166
2020-03-24,0.9210593392995058,2.9822502125819415
2020-03-25,0.9193106695597018,3.0750465602524106
2020-03-26,0.9217980377197545,3.155943342375897
2020-03-27,0.9221780120090566,3.2368365987555388
2020-03-30,0.9221544086743182,3.2715134512562183
2020-03-31,0.922125908551216,3.299245007048886
2020-04-01,0.9231641887579451,3.3147346974831855
2020-04-02,0.9213835632084292,3.2904243218876474
2020-04-03,0.9208525699760701,3.251577276187164
2020-04-06,0.9229518388386055,3.1886419199051317
2020-04-07,0.9223912520547665,3.1276746078798525
2020-04-08,0.9219538035426921,3.0683505663542414
2020-04-09,0.9199622957149656,3.011492992695838
2020-04-13,0.9191149264839071,2.9545344830596556
2020-04-14,0.9187426295290563,2.9039359620810936
2020-04-15,0.9187783389527435,2.8437714338333717
2020-04-16,0.918393114353327,2.788860486806573
2020-04-17,0.9191371240249164,2.7336121871397627
2020-04-20,0.9192019891288391,2.6802854344325793
2020-04-21,0.9192555951514083,2.6292762208206955
2020-04-22,0.919174736444999,2.58039281054513
2020-04-23,0.9190973276799483,2.531966495627239
2020-04-24,0.9193543989640591,2.488171885357216
2020-04-27,0.9193919457404097,2.4468572954361623
2020-04-28,0.91872241030308,2.4037294661288917
2020-04-29,0.9190035191345803,2.36304177813063
2020-04-30,0.9188815845765739,2.324238830049935
2020-05-01,0.9193018332796141,2.2896263685072107
2020-05-04,0.9185643358090279,2.256568569856848
2020-05-05,0.9184726481750908,2.2249830045331294
2020-05-06,0.9179530815835469,2.1938613483819225
2020-05-07,0.9180165241848033,2.164231900999074
2020-05-08,0.9181104520831205,2.1346422973315193
2020-05-11,0.9177179163171022,2.1055238295993406
2020-05-12,0.9184336131259379,2.0775880552047408
2020-05-13,0.9188035470475479,2.0507937439885437
2020-05-14,0.9187677532820921,2.0248159954032134
2020-05-15,0.9183573346012399,1.9988790825921823
2020-05-18,0.9185395140205802,1.9737089743501737
2020-05-19,0.9187231218284243,1.9501391214964257
2020-05-20,0.9188522635549236,1.9269201465763406
2020-05-21,0.918682328964798,1.9042856794854364
2020-05-22,0.9185167383757508,1.8815224269238762
2020-05-26,0.9173737624151649,1.8591768986350143
2020-05-27,0.9168424564855633,1.8369484115621304
2020-05-28,0.916597111019524,1.8155558337299698
2020-05-29,0.916405858332537,1.7943723001904475
2020-06-01,0.916321078111807,1.7734407884925747
2020-06-02,0.917371406854635,1.7543745546960736
2020-06-03,0.9175729087044232,1.735003582832753
2020-06-04,0.9169359421540907,1.7150361677830812
2020-06-05,0.9174652102427663,1.695946519451508
2020-06-08,0.9173462589328977,1.677569453236103
2020-06-09,0.9172364812596672,1.6592281620582197
2020-06-10,0.9167314007796339,1.6405918912548114
2020-06-11,0.9189734684522577,1.6240694420943933
2020-06-12,0.9187097569737726,1.60782407160785
2020-06-15,0.918819912628253,1.5921529007761115
2020-06-16,0.9190698025622053,1.578235664125413
2020-06-17,0.9192308017621726,1.5652808106324496
2020-06-18,0.9191259808251867,1.5527501634526555
2020-06-19,0.9187718079138095,1.5403572063371405
2020-06-22,0.918627415437332,1.5281761284673514
2020-06-23,0.9185703485361868,1.5150672899824345
2020-06-24,0.9191229623882693,1.5024352179865739
2020-06-25,0.919065946390331,1.4906589396093217
2020-06-26,0.9191182197728175,1.4785829473785084
2020-06-29,0.9190257686923511,1.4667551918203177
2020-06-30,0.919172977526476,1.4553709905705616
2020-07-01,0.918941269881091,1.4445120079618943
2020-07-02,0.9187973984456167,1.43137358467025
2020-07-06,0.9183213581932618,1.418296942831537
2020-07-07,0.9183358185031412,1.405310960390112
2020-07-08,0.9180559393596724,1.3920163468874465
2020-07-09,0.9179480360099526,1.3786504912681607
2020-07-10,0.91760568615387,1.3652756381452795
2020-07-13,0.9174347694922235,1.3522902461068966
2020-07-14,0.9172742675279927,1.339478834755573
2020-07-15,0.9173129657154375,1.3269180564036724
2020-07-16,0.9171550350353626,1.3138032297349986
2020-07-17,0.9170502793185178,1.3008042300438665
2020-07-20,0.916208412217705,1.2871702591759302
2020-07-21,0.9159190196837079,1.2735219002081233
2020-07-22,0.9161348835963253,1.2600474369432924
2020-07-23,0.9157705722198036,1.2466258407046293
2020-07-24,0.9156890140574936,1.2334066925702756
2020-07-27,0.9153531999184171,1.220505746380526
2020-07-28,0.9148429049952014,1.2072668013701788
2020-07-29,0.9150654684876939,1.1946183508687642
2020-07-30,0.9151716701155646,1.182279565210088
2020-07-31,0.9149592568294358,1.1702090353876131
2020-08-03,0.9145712525513559,1.1580800879273943
2020-08-04,0.9141714222014725,1.1458883603502412
2020-08-05,0.9139515665731237,1.1335681380563791
2020-08-06,0.9140659393365341,1.121593534163745
2020-08-07,0.9133030017143857,1.1091694503773415
2020-08-10,0.913228808057178,1.0976120597676937
2020-08-11,0.9129650122136546,1.0862096882842036
2020-08-12,0.9129872605445533,1.0747051986283334
2020-08-13,0.9127836056722008,1.063527829821494
2020-08-14,0.9129031076909014,1.0526143084048334
2020-08-17,0.9126011441601828,1.041867042108761
2020-08-18,0.9125144516510707,1.0316283094850427
2020-08-19,0.9124205624453997,1.0211578881525074
2020-08-20,0.9122366855488522,1.0104947445603287
2020-08-21,0.9122624653151021,1.000124353935443
2020-08-24,0.9121407023017328,0.990169521753489
2020-08-25,0.9119625749219582,0.9805263526367454
2020-08-26,0.911405202794994,0.9706754685625639
2020-08-27,0.9112205680292242,0.9606041202029378
2020-08-28,0.9111973919646491,0.9513401967798103
2020-08-31,0.9112152403789304,0.9422188455154717
2020-09-01,0.9109364889402404,0.9331718764029301
2020-09-02,0.9109888100479615,0.9242130191956767
2020-09-03,0.9106518786941118,0.9152274469623403
2020-09-04,0.9104564206762438,0.9060197076885561
2020-09-08,0.9102628378808166,0.8969639916312495
2020-09-09,0.9103398752443858,0.8880893848602869
2020-09-10,0.9104233779140181,0.8794202051114423
2020-09-11,0.9102339015707585,0.8708061710946825
2020-09-14,0.9104024221669481,0.862361100973093
2020-09-15,0.9109070263508513,0.8544359527216484
2020-09-16,0.9106690148192655,0.8465112200113002
2020-09-17,0.9104443690292718,0.8389802967398328
2020-09-18,0.9104018347954191,0.8316279795758581
2020-09-21,0.9101947278982143,0.8241576948123068
2020-09-22,0.9099142189915261,0.8164563734802057
2020-09-23,0.9102275218320617,0.8093458046988246
2020-09-24,0.9102434225898289,0.8022602902594469
2020-09-25,0.9103444338476689,0.7956262974857072
2020-09-28,0.9105038988381384,0.7893636910418869
2020-09-29,0.9106331664287933,0.783432200805223
2020-09-30,0.910548402296718,0.7773918236393159
2020-10-01,0.9102431464343904,0.7710637431200553
2020-10-02,0.9094051359024693,0.7642314273051256
2020-10-05,0.9094858566735979,0.7573411857614752
2020-10-06,0.9092554239237718,0.7498023351597729
2020-10-07,0.9091318539053919,0.7424434542919248
2020-10-08,0.9089880399500587,0.7352226376399099
2020-10-09,0.9087786370092217,0.7279639255602129
2020-10-12,0.9087221746499766,0.720782983886935
2020-10-13,0.9087257360243883,0.7138616720457516
2020-10-14,0.908800148965418,0.7067421605206329
2020-10-15,0.9087699153008663,0.6996002332529588
2020-10-16,0.9085512796758682,0.6921486187103775
2020-10-19,0.9088126278401598,0.6848065431779798
2020-10-20,0.9088896863761728,0.6774007988870229
2020-10-21,0.9091425703422498,0.6703119117777095
2020-10-22,0.9088339093178067,0.6632902415734389
2020-10-23,0.9089141245598564,0.6571786124106859
2020-10-26,0.9092019385652774,0.6511675765856002
2020-10-27,0.9093409901098677,0.645519847129807
2020-10-28,0.9098450442536125,0.64041733177456
2020-10-29,0.9097029289140051,0.6353449962577044
2020-10-30,0.9094525704741457,0.63025083886708
2020-11-02,0.9093318689474782,0.6251304552743829
2020-11-03,0.9091680182378632,0.6198839537933963
2020-11-04,0.9068928246808069,0.6125219972962217
2020-11-05,0.9062107607699721,0.6045834704846086
2020-11-06,0.9062919701989339,0.5969406931028175
2020-11-09,0.9061724622378959,0.5888945049379402
2020-11-10,0.9055196227434216,0.580188180174983
2020-11-11,0.9051959258136808,0.5709283652048601
2020-11-12,0.9054173636692349,0.5621361900140229
2020-11-13,0.9055775605410827,0.5534287637046236
2020-11-16,0.9059656364784308,0.5447717241628515
2020-11-17,0.9059547874789206,0.5359506670929817
2020-11-18,0.9059621281581611,0.5266285538487675
2020-11-19,0.9061236194361468,0.5176122636219735
2020-11-20,0.9061535969945539,0.5087977026954662
2020-11-23,0.9064011464829733,0.5003199907050583
2020-11-24,0.9066239573335366,0.4922176066729984
2020-11-25,0.9066962852994513,0.4864614477291826
2020-11-27,0.9065766659966823,0.4812948123963462
2020-11-30,0.9065506438978564,0.4759735975443213
2020-12-01,0.9066103352260519,0.4708437628301255
2020-12-02,0.9063617108357775,0.4661562642451483
2020-12-03,0.9062644197529967,0.4617139327218862
2020-12-04,0.9061942230827454,0.4568275905962392
2020-12-07,0.9061710850513572,0.45179078444551907
2020-12-08,0.9061171174906809,0.44625373181619665
2020-12-09,0.9060259414516368,0.4406680945621787
2020-12-10,0.905951870930107,0.43499192234909667
2020-12-11,0.9061447265794578,0.429351970980361
2020-12-14,0.906206802595594,0.42373880675618336
2020-12-15,0.9063531317146406,0.4179812622587326
2020-12-16,0.9062984936814983,0.4118148806159381
2020-12-17,0.9064368702428174,0.40575510144007926
2020-12-18,0.9062935091712205,0.3996194736072084
2020-12-21,0.9059473271417999,0.393103607586418
2020-12-22,0.9059252574619608,0.38642886113613734
2020-12-23,0.9058494916915955,0.37980540907146476
2020-12-24,0.905886167543827,0.37291015118407533
2020-12-28,0.905846016458413,0.3659994281573793
2020-12-29,0.9058303457225974,0.3590478340385001
2020-12-30,0.9058193447027314,0.3520808337709244
2020-12-31,0.9063795586891094,0.34569572073645966
2021-01-04,0.9065244458442892,0.3394514071791713
2021-01-05,0.906506633493521,0.3327472397159944
2021-01-06,0.9053693402348734,0.32467772435323483
2021-01-07,0.9049173466553502,0.3158097784889327
2021-01-08,0.9047362521592845,0.30667152511127815
2021-01-11,0.9046631506709963,0.2971475825037997
2021-01-12,0.904700679168151,0.28767653198464604
2021-01-13,0.9044926992972095,0.27822960171744765
2021-01-14,0.9045085741408906,0.26866359495896425
2021-01-15,0.9043052226634165,0.258806302067261
2021-01-19,0.9041703027162187,0.24852627790436838
2021-01-20,0.9040320047818975,0.23786839396033974
2021-01-21,0.9039855090773642,0.22684293254539198
2021-01-22,0.9040918406144095,0.21566892596134904
2021-01-25,0.9041150736219103,0.20348084622904922
2021-01-26,0.9040190084778292,0.19071913303910218
2021-01-27,0.9040910004011529,0.17771837081532277
2021-01-28,0.904061081033298,0.16598667141858203
2021-01-29,0.904314390959579,0.15477869341543615
2021-02-01,0.9042461246420084,0.1435610759065036
2021-02-02,0.9043522850597318,0.13215867095757386
2021-02-03,0.9047030899578253,0.12082037709091106
2021-02-04,0.9045833271594363,0.1092126074207629
2021-02-05,0.9044760296810016,0.09688907060668425
2021-02-08,0.9045829065420286,0.08442581488595219
2021-02-09,0.9045553329374636,0.0714947471411086
2021-02-10,0.9044793456185036,0.05784827559316766
2021-02-11,0.9044474499166099,0.04322461435380823
2021-02-12,0.9045399047174185,0.02746412461321685
2021-02-16,0.9045207167976851,0.010397738597697388
2021-02-17,0.9044885842440161,-0.00826299050118271
2021-02-18,0.9046933773149607,-0.028655902521730288
2021-02-19,0.9045389381267188,-0.051964023698054224
2021-02-22,0.9045198917950642,-0.07968073544128453
2021-02-23,0.904419470065474,-0.1095124033781854
2021-02-24,0.9039351420063169,-0.1433733514213478
2021-02-25,0.9037378952610737,-0.18681556653831594
2021-02-26,0.9024162281856566,-0.23581390896528026
2021-03-01,0.9028036040456112,-0.2957022545918529
2021-03-02,0.9016850679889422,-0.36319495917835803
2021-03-03,0.9018716003223037,-0.4455754365052368
2021-03-04,0.9008618318494555,-0.5441612459389341
2021-03-05,0.9006755125023698,-0.6666258669170506
2021-03-08,0.89984422465222,-0.8520276491938799
2021-03-09,0.8932213012788791,-1.063436320308897
2021-03-10,0.8929915526868999,-1.3201642213922888
2021-03-11,0.8908753570328912,-1.617723257989419
2021-03-12,0.8832055918905991,-1.8405109310057044
2021-03-15,0.8800368857055785,-2.024324851776177
2021-03-16,0.8652489065698229,-2.19193061957936
2021-03-17,0.8630186710660649,-2.346029322692769
2021-03-18,0.8549385690999262,-2.493099775943646
2021-03-19,0.8582317872620636,-2.624678907465275
2021-03-22,0.8568277336606224,-2.7550911754258887
2021-03-23,0.8557798831834551,-2.8745315120046904
2021-03-24,0.8373686957364521,-2.987656198515573
2021-03-25,0.8376492509282205,-3.097449728613485
2021-03-26,0.8326949623792927,-3.205465502874898
2021-03-29,0.8329839075943155,-3.3117237050846327
2021-03-30,0.8322220487530365,-3.3883367065072187
2021-03-31,0.8321451079627115,-3.4668244527318794
2021-04-01,0.8268780944433036,-3.5374213474143086
2021-04-05,0.8274963583499771,-3.580228276959711
2021-04-06,0.8277540788316566,-3.6152347008707473
2021-04-07,0.8166604383496602,-3.5999518011047513
2021-04-08,0.817703364220237,-3.586979863066224
2021-04-09,0.815122378052366,-3.555164695980951
2021-04-12,0.8195343015083978,-3.5415305152341148
2021-04-13,0.821350489627099,-3.528435156692129
2021-04-14,0.820489134169182,-3.5172422872531417
2021-04-15,0.8183704096918651,-3.4574068706755527
2021-04-16,0.8177850670053095,-3.4053618763498594
2021-04-19,0.8121227074046097,-3.3487802989143716
2021-04-20,0.8107311276982897,-3.3003476990382334
2021-04-21,0.8087745091786577,-3.2568997597335216
2021-04-22,0.8088902249144563,-3.218491103608574
2021-04-23,0.8093656945714783,-3.171170920783665
2021-04-26,0.808896308330639,-3.130325354260214
2021-04-27,0.8084588221770829,-3.094442791540918
2021-04-28,0.8092961852368152,-3.0352748636090765
2021-04-29,0.809877096551287,-2.9821157453839855
2021-04-30,0.8093401371890194,-2.9271370493654225
2021-05-03,0.806122177445511,-2.888430190840723
2021-05-04,0.8073547013054436,-2.855370693136277
2021-05-05,0.8073205054456443,-2.8229545177519477
2021-05-06,0.8078560140228199,-2.787780123202207
2021-05-07,0.8077841395373269,-2.753684861637496
2021-05-10,0.8055706007529919,-2.712278496823056
2021-05-11,0.8062546790170554,-2.669612238879777
2021-05-12,0.8066912860771335,-2.624813122707413
2021-05-13,0.8044088802369471,-2.5847426476279196
2021-05-14,0.804914628348703,-2.5470309154777904
2021-05-17,0.8055570491562288,-2.5094831264165385
2021-05-18,0.8005744981967061,-2.478065621867007
2021-05-19,0.8003951094008975,-2.4500717413710857
2021-05-20,0.7997362933252908,-2.425348011544102
2021-05-21,0.799858947337404,-2.400870172400231
2021-05-24,0.8004022732145188,-2.3712900232252005
2021-05-25,0.8014012049428492,-2.344084930565053
2021-05-26,0.8019741087023153,-2.31735293103471
2021-05-27,0.8035673008663701,-2.290911124695531
2021-05-28,0.803949417907295,-2.264926036060173
2021-06-01,0.804049736971091,-2.2359765192892387
2021-06-02,0.8029719916000561,-2.2104152407121873
2021-06-03,0.8025823166711104,-2.186932853522308
2021-06-04,0.803833247303732,-2.1590360836511846
2021-06-07,0.7998151224664873,-2.1373112347861447
2021-06-08,0.7995027038716298,-2.11778747060594
2021-06-09,0.7982785847267914,-2.092206854429011
2021-06-10,0.796498256367056,-2.0690919948412954
2021-06-11,0.7775721965725569,-2.065523210419938
2021-06-14,0.7772950121579492,-2.063166406134129
2021-06-15,0.7772411527287733,-2.0624194078334717
2021-06-16,0.7757879575799304,-2.0652859821500766
2021-06-17,0.775462790702552,-2.0699032077734363
2021-06-18,0.7766882179399681,-2.076231145609007
2021-06-21,0.7792125273283416,-2.081084573182976
2021-06-22,0.7795376353119827,-2.086172855749915
2021-06-23,0.7795361742700013,-2.0900645149922594
2021-06-24,0.7748424826419454,-2.0983136619139464
2021-06-25,0.7750255439567101,-2.1085454708980027
2021-06-28,0.7737064455280515,-2.1145754473547242
2021-06-29,0.7729998100205617,-2.121194087190131
2021-06-30,0.7723917894145474,-2.1270293646373992
2021-07-01,0.7735852911622509,-2.1296406052572174
2021-07-02,0.7739304477896137,-2.106149523065926
2021-07-06,0.7754189217414493,-2.081640701323923
2021-07-07,0.7750035296153885,-2.058190337769281
2021-07-08,0.7759181810141988,-2.0326045149338707
2021-07-09,0.7745600509435464,-2.008547950112337
2021-07-12,0.7744471040123648,-1.9868881324008336
2021-07-13,0.77505517289425,-1.9686191432102016
2021-07-14,0.7746819947197521,-1.951671943054955
2021-07-15,0.7740325887131879,-1.9358566319540316
2021-07-16,0.7748100839930175,-1.9136820654070248
2021-07-19,0.7779493278027045,-1.889309458925376
2021-07-20,0.7796986843050154,-1.862030521203142
2021-07-21,0.7779462431654941,-1.8360135350779079
2021-07-22,0.7778347784204168,-1.809832709203034
2021-07-23,0.7781693709965338,-1.78531636171743
2021-07-26,0.7781643537170183,-1.7616880909105503
2021-07-27,0.7779762272739407,-1.740532204365059
2021-07-28,0.7797821212426672,-1.717487241796565
2021-07-29,0.7793130371780459,-1.6964317384432985
2021-07-30,0.7774147879385466,-1.6758804380272363
2021-08-02,0.777791476384794,-1.6551792501065126
2021-08-03,0.7800750479231487,-1.6333523057428314
2021-08-04,0.781386429765982,-1.6101001590771322
2021-08-05,0.7821447846968035,-1.5856155140838641
2021-08-06,0.7818571204520627,-1.5626764328337261
2021-08-09,0.7836866566722449,-1.5420444991896625
2021-08-10,0.7834834568189869,-1.5240005748018326
2021-08-11,0.7841398432933463,-1.503406371141915
2021-08-12,0.7842018729752,-1.4828544732092617
2021-08-13,0.7839893641393824,-1.4631432509388476
2021-08-16,0.7838773617764769,-1.443761478484863
2021-08-17,0.7836053500061941,-1.4246288949173869
2021-08-18,0.7837652616595614,-1.4077172062158345
2021-08-19,0.7843415588932722,-1.3898597397112165
2021-08-20,0.784528883558961,-1.3697229330330094
2021-08-23,0.7840051102515302,-1.3507483198952521
2021-08-24,0.783324195985747,-1.3353600928229066
2021-08-25,0.7834786447913239,-1.3215465645301638
2021-08-26,0.7845561576023112,-1.3077066511637774
2021-08-27,0.785656382029289,-1.2925680637527908
2021-08-30,0.7854178706796806,-1.2799851271441491
2021-08-31,0.7850250796805619,-1.2676897559180915
2021-09-01,0.7866771368154015,-1.2546378487125114
2021-09-02,0.7870317546961757,-1.2414259714292248
2021-09-03,0.7839006968625433,-1.2312282494313749
2021-09-07,0.7836516589247589,-1.2212666595956385
2021-09-08,0.7814019375266056,-1.2133573301269887
2021-09-09,0.779771401270564,-1.2073889857796798
2021-09-10,0.7785593408238793,-1.2034286676554637
2021-09-13,0.779361939824366,-1.1989986249036126
2021-09-14,0.7790403426015302,-1.1943893410353887
2021-09-15,0.7799658806740469,-1.1881764704405973
2021-09-16,0.7792380759016264,-1.1829789144977025
2021-09-17,0.7799637715892899,-1.1784223536088778
2021-09-20,0.7808831564373547,-1.1743362479419508
2021-09-21,0.7804296860074859,-1.170522607017438
2021-09-22,0.7811197267754747,-1.1656505991593238
2021-09-23,0.7785775834701631,-1.1653673262542226
2021-09-24,0.7786346354966679,-1.1655405863089903
2021-09-27,0.7780202430804487,-1.1627706121227315
2021-09-28,0.7779900398954923,-1.159844376461264
2021-09-29,0.7767432320756998,-1.155643639547951
2021-09-30,0.7779835126060909,-1.1483943346296575
2021-10-01,0.7787244230396742,-1.1390753719481197
2021-10-04,0.7797897571966431,-1.1296944724589204
2021-10-05,0.7781186608711939,-1.1217178868323394
2021-10-06,0.777674747573832,-1.1153584682113376
2021-10-07,0.7767163570748996,-1.109206755583874
2021-10-08,0.7766035179832752,-1.1041068576174031
2021-10-11,0.7764398227797468,-1.100334739299189
2021-10-12,0.7759410089562959,-1.0966283703760211
2021-10-13,0.7755576915338265,-1.0942096596103141
2021-10-14,0.7770050218297607,-1.087440512998413
2021-10-15,0.776781419541315,-1.0810500396034368
2021-10-18,0.7770655992905247,-1.0737288855643137
2021-10-19,0.775530211810221,-1.0680279278152658
2021-10-20,0.7747584314451966,-1.0617399685070876
2021-10-21,0.7744654683004716,-1.0572990097629063
2021-10-22,0.7740480673334325,-1.0542360537767146
2021-10-25,0.7731153980678837,-1.053473859712399
2021-10-26,0.7703555104182827,-1.053673766762945
2021-10-27,0.7715437331968044,-1.0522383518401206
2021-10-28,0.765977301127237,-1.055480252144761
2021-10-29,0.7656081692420231,-1.0590743459153475
2021-11-01,0.7651211070724099,-1.0630793832691359
2021-11-02,0.7640567055910445,-1.0676945086603742
2021-11-03,0.7628153874637946,-1.0732372593183244
2021-11-04,0.7685610095689449,-1.0746540662063047
2021-11-05,0.7686154591692489,-1.0758350014480464
2021-11-08,0.7672679906027097,-1.0788513833960771
2021-11-09,0.7525220328182465,-1.095204065430778
2021-11-10,0.7540390972461126,-1.1092136246444382
2021-11-11,0.7547304850854445,-1.1222962117437065
2021-11-12,0.7527493789953443,-1.137029553636757
2021-11-15,0.7503208483889046,-1.1532479587571507
2021-11-16,0.7454295868447751,-1.171245945813552
2021-11-17,0.7457606748645651,-1.1904698055381204
2021-11-18,0.7452056206785561,-1.2037937308618372
2021-11-19,0.746274868301559,-1.215782343761873
2021-11-22,0.745704738823139,-1.2279261889433415
2021-11-23,0.74212012261511,-1.242547584437824
2021-11-24,0.737734871435112,-1.260205008594496
2021-11-26,0.7418236347828123,-1.280844923577532
2021-11-29,0.7423667416416521,-1.3012004586291537
2021-11-30,0.7425749822474927,-1.319949848136633
2021-12-01,0.7431630322027281,-1.3207743959964409
2021-12-02,0.7460636369048492,-1.3206824383511646
2021-12-03,0.7448257009850946,-1.322819801130923
2021-12-06,0.7441155035599374,-1.323476658395738
2021-12-07,0.7451483599025074,-1.3203697685162608
2021-12-08,0.7451708366836995,-1.3115358483348807
2021-12-09,0.7452125561347288,-1.3031964946639119
2021-12-10,0.7452547987262741,-1.2942853438379682
2021-12-13,0.7430475265678806,-1.2890647744717179
2021-12-14,0.7417852414115397,-1.284604956071982
2021-12-15,0.7413610470855262,-1.2764128566715005
2021-12-16,0.7391166336412688,-1.265331850311702
2021-12-17,0.7398519450540363,-1.2586311033121744
2021-12-20,0.7415251231346048,-1.2510178861506105
2021-12-21,0.7438883078849472,-1.24132624612376
2021-12-22,0.7440667808765636,-1.2322950779445612
2021-12-23,0.743538808031701,-1.227513399803462
2021-12-27,0.7443079479730474,-1.2205507489584546
2021-12-28,0.7438294090746062,-1.2133498130288003
2021-12-29,0.7438701536238115,-1.2075289696813474
2021-12-30,0.7438010735966684,-1.2019575584857511
2021-12-31,0.7440571337119863,-1.1963665205570146
2022-01-03,0.740149639493602,-1.1952059021955943
2022-01-04,0.7401743382124433,-1.1914207874892202
2022-01-05,0.7432042565572448,-1.1827979645589022
2022-01-06,0.7440098299334434,-1.1728283983638772
2022-01-07,0.7439032011207836,-1.1601835929229256
2022-01-10,0.7434747291621071,-1.1490366708722348
2022-01-11,0.7433282018752763,-1.1403221131824341
2022-01-12,0.7440099343962621,-1.1340197014311622
2022-01-13,0.7431579444967737,-1.1290631066291543
2022-01-14,0.7405767421093519,-1.1264909128000555
2022-01-18,0.742507886836776,-1.1229079715473544
2022-01-19,0.7423794020684803,-1.1190025723230328
2022-01-20,0.7426092582456192,-1.115061571583276
2022-01-21,0.743556964840569,-1.1101109319945555
2022-01-24,0.7433243710043055,-1.1059605587584003
2022-01-25,0.745050955291762,-1.0945535420963144
2022-01-26,0.7413867797456548,-1.08767972834562
2022-01-27,0.7398935753995194,-1.0869915721855097
2022-01-28,0.7386878717301286,-1.0891954726821078
2022-01-31,0.7387231451437106,-1.091514129075376
2022-02-01,0.7389742642029354,-1.0932556303259775
2022-02-02,0.7371576518477987,-1.0974338549943048
2022-02-03,0.7388381906964074,-1.1008691511988802
2022-02-04,0.7348523259094193,-1.1084804354144782
2022-02-07,0.733724731649383,-1.1142071619803386
2022-02-08,0.7323061863741975,-1.125118292293778
2022-02-09,0.7333063071662939,-1.1351329818944986
2022-02-10,0.735067910204422,-1.1438030348738595
2022-02-11,0.7361836663525152,-1.153097636813852
2022-02-14,0.7357413653739674,-1.1632896145041844
2022-02-15,0.735986384146916,-1.176612018779936
2022-02-16,0.735615303458716,-1.185453372816182
2022-02-17,0.7377616505259154,-1.18960483844775
2022-02-18,0.7373159939146987,-1.1930807456697412
2022-02-22,0.7375980316272692,-1.1968965030558452
2022-02-23,0.7384709530173463,-1.200496011707369
2022-02-24,0.7334049612675436,-1.2092024593596484
2022-02-25,0.7358507853213504,-1.217822963516247
2022-02-28,0.7308997960923613,-1.2280125766600762
2022-03-01,0.7304040594041665,-1.2377153364285038
2022-03-02,0.7322945670749397,-1.2431124761774797
2022-03-03,0.7290839824186031,-1.2563240667426037
2022-03-04,0.7238893614607143,-1.2827735105508893
2022-03-07,0.7283780405593289,-1.3059532177210973
2022-03-08,0.7266053340083992,-1.3303631625378594
2022-03-09,0.7271115360059818,-1.3564363106342605
2022-03-10,0.7265673143090864,-1.3839395031858384
2022-03-11,0.7283774773001112,-1.4113347918449897
2022-03-14,0.7258488750922689,-1.4427807606188874
2022-03-15,0.7281815073133378,-1.4654039769177727
2022-03-16,0.7304502677540616,-1.486207309675254
2022-03-17,0.733323816031114,-1.4876869535042978
2022-03-18,0.7335608580932168,-1.4965765679565919
2022-03-21,0.7343966913372283,-1.4925560010025827
2022-03-22,0.7346092433202746,-1.4870565504639686
2022-03-23,0.7347410220852043,-1.4783597574311007
2022-03-24,0.7354002767878663,-1.460958635365629
2022-03-25,0.7340328536506158,-1.4320308448458905
2022-03-28,0.7349817336179213,-1.4122335030462911
2022-03-29,0.7366096829037976,-1.384495999454016
2022-03-30,0.7368786496377456,-1.357350048021331
2022-03-31,0.7384809594826439,-1.323707573071211
2022-04-01,0.7357593247091475,-1.3004858846471647
2022-04-04,0.7342573754844787,-1.2741175745054627
2022-04-05,0.734808482434848,-1.249698380313839
2022-04-06,0.7309127388017826,-1.2397722939802036
2022-04-07,0.7298441435029172,-1.2391618507278053
2022-04-08,0.7300447127209294,-1.2399369148051325
2022-04-11,0.7303754337385155,-1.2428940659687404
2022-04-12,0.7294743888624582,-1.2484618108502081
2022-04-13,0.729246195804919,-1.2546618666989242
2022-04-14,0.7297229235224236,-1.2617288902627048
2022-04-18,0.7292790291608875,-1.265125329754428
2022-04-19,0.7307139147835983,-1.2677990240460117
2022-04-20,0.7287378556300618,-1.2790162196538253
2022-04-21,0.7293729385067794,-1.2898318969793126
2022-04-22,0.73262701927096,-1.2980082103083115
2022-04-25,0.7335861037812889,-1.2968657210973813
2022-04-26,0.7375317573434481,-1.282671437320106
2022-04-27,0.7361300980406315,-1.2734944435600657
2022-04-28,0.7380071469976998,-1.2495425549777202
2022-04-29,0.7438528192389884,-1.2084118594291446
2022-05-02,0.740950411000691,-1.1739186126284153
2022-05-03,0.7422856095491934,-1.1371061470577954
2022-05-04,0.7469902249521827,-1.0857458914601334
2022-05-05,0.752831431408495,-1.0183223820822034
2022-05-06,0.7523445850790607,-0.9526285392650168
2022-05-09,0.7587757332173788,-0.8674428654238131
2022-05-10,0.7568648934836312,-0.7904258816600415
2022-05-11,0.7549568608768529,-0.7117716756982577
2022-05-12,0.7543427358867509,-0.6353643361810866
2022-05-13,0.7552025995946249,-0.5651243773412717
2022-05-16,0.7548471616634521,-0.4976867915090084
2022-05-17,0.7554945845633557,-0.43931749521742514
2022-05-18,0.7587157356795362,-0.36690657695865264
2022-05-19,0.7578212653700951,-0.3018158243300561
2022-05-20,0.7569614728419211,-0.2561435440119691
2022-05-23,0.7577822295697952,-0.1985132524224017
2022-05-24,0.7552464203301542,-0.15142995786384045
2022-05-25,0.755215704469382,-0.11831192203703363
2022-05-26,0.756413566234984,-0.09926402688229358
2022-05-27,0.7590683756070615,-0.07033577724879221
2022-05-31,0.7587479641950964,-0.06245657566295389
2022-06-01,0.759089274003855,-0.04737986301199697
2022-06-02,0.7607021386798302,-0.02087851976926143
2022-06-03,0.7618688546398715,0.012047612645694804
2022-06-06,0.7620145633836939,0.04238404054514971
2022-06-07,0.7626630734099594,0.07644888285374297
2022-06-08,0.762630388679453,0.10853512505860628
2022-06-09,0.7651510862083394,0.1377912605778493
2022-06-10,0.7687251581499273,0.17716990434558264
2022-06-13,0.7740029558645386,0.23639141398434177
2022-06-14,0.7725777943251959,0.2883337869982251
2022-06-15,0.7738056862410962,0.35256704188165794
2022-06-16,0.7786117628610272,0.43195556515826544
2022-06-17,0.7795185747994817,0.5103228899586212
2022-06-21,0.7800500467995668,0.5819748069089035
2022-06-22,0.7799125791008474,0.6543920212133258
2022-06-23,0.7797820003659564,0.725227887205803
2022-06-24,0.7829215343490342,0.7982329330372154
2022-06-27,0.7831466183026439,0.867721903069152
2022-06-28,0.7841983286680636,0.9390574554217627
2022-06-29,0.78509504839532,1.010195245735528
2022-06-30,0.7848801012673613,1.080216527206578
2022-07-01,0.7844973951168638,1.140719948334886
2022-07-05,0.7825909970046688,1.1835973272277536
2022-07-06,0.7820906134951764,1.2077474458238786
2022-07-07,0.7826196551306941,1.2379506178390465
2022-07-08,0.7826519950717408,1.2644267814150414
2022-07-11,0.782047402329855,1.2724222868328916
2022-07-12,0.7821388495892871,1.2775748720627087
2022-07-13,0.7818747742466923,1.2804541197743875
2022-07-14,0.7814604574088094,1.2824599593386103
2022-07-15,0.7822334633239374,1.2868069067590326
2022-07-18,0.7814468453166845,1.2788159598202529
2022-07-19,0.78270654288552,1.2750225043631558
2022-07-20,0.7812251425637938,1.264399148807495
2022-07-21,0.7817250070081504,1.2514042075738092
2022-07-22,0.7812260726523632,1.2376867583458977
2022-07-25,0.7815986283240329,1.2264612423788956
2022-07-26,0.7808736982592568,1.2195144231476447
2022-07-27,0.7821891587710968,1.2178627145902736
2022-07-28,0.7812017970894738,1.2125011119240392
2022-07-29,0.7811397579638649,1.2066453400019077
2022-08-01,0.7813914734469943,1.2026612650600437
2022-08-02,0.781728972719928,1.199499038184041
2022-08-03,0.7823619316267123,1.200018874379846
2022-08-04,0.782399554613578,1.202626393966165
2022-08-05,0.7824289338916249,1.203132244840511
2022-08-08,0.7828637082832784,1.2073110584110385
2022-08-09,0.782546382277674,1.207351960538575
2022-08-10,0.7841725363470596,1.2167201789072186
2022-08-11,0.7849912987214399,1.227045704657276
2022-08-12,0.7859023242622171,1.2415580172038547
2022-08-15,0.786244702764472,1.255660238675326
2022-08-16,0.786080680980845,1.2716236414200084
2022-08-17,0.7867303379141104,1.2848749698095479
2022-08-18,0.7867902560326671,1.3015964297609042
2022-08-19,0.7871229951515653,1.319705831002039
2022-08-22,0.7883910206864334,1.3404805140401708
2022-08-23,0.7883210882250286,1.3596342866623803
2022-08-24,0.7887121961233327,1.3773497391109895
2022-08-25,0.7892270901791544,1.396343432011812
2022-08-26,0.7920728432396638,1.4232311588173832
2022-08-29,0.7918281552468298,1.4485930888642868
2022-08-30,0.7927709219709295,1.4771828148868633
2022-08-31,0.7930551856959084,1.5008878852394796
2022-09-01,0.792967572316761,1.5226070075656966
2022-09-02,0.7927989173619044,1.541103835289097
2022-09-06,0.792638260374734,1.55617901348584
2022-09-07,0.7934305831739688,1.5735640988994675
2022-09-08,0.7936772925537784,1.5881666216909478
2022-09-09,0.7949449331498036,1.6047816909018093
2022-09-12,0.7954423182612679,1.6208543788302556
2022-09-13,0.8001572222279916,1.6444730269864145
2022-09-14,0.7992089977915362,1.665740319902719
2022-09-15,0.7978089346259,1.6828133896256692
2022-09-16,0.7979587610463623,1.6981698253313826
2022-09-19,0.7978654903350351,1.7047877437584351
2022-09-20,0.7969947783667399,1.7105891322071385
2022-09-21,0.7977602912943008,1.7150460978253594
2022-09-22,0.7973026821415544,1.7179362943620742
2022-09-23,0.799488923515179,1.7248875670891088
2022-09-26,0.7993269104868719,1.7320069264888918
2022-09-27,0.7991638363635508,1.7389587325578033
2022-09-28,0.800185787289024,1.745817906031351
2022-09-29,0.8003491730072196,1.7517721494162233
2022-09-30,0.7992272360271471,1.7520394211423254
2022-10-03,0.8002002588881564,1.7533857825180241
2022-10-04,0.8034387676611763,1.7485250295204435
2022-10-05,0.8027572845558592,1.7443750295518285
2022-10-06,0.8014950170896149,1.7414980240877371
2022-10-07,0.8033299194627288,1.741863367517086
2022-10-10,0.8029468850845545,1.741729086339395
2022-10-11,0.8025500913894053,1.7432555410293231
2022-10-12,0.801375766015352,1.7400026025168263
2022-10-13,0.8028547361832675,1.7411504528025512
2022-10-14,0.8039489482556809,1.739093958842835
2022-10-17,0.8057887481483014,1.741335464834732
2022-10-18,0.8062628253629323,1.7451808602568626
2022-10-19,0.8059602412460926,1.7451300061710535
2022-10-20,0.8057163135040696,1.7439919681922642
2022-10-21,0.8070062187384637,1.7485268219032146
2022-10-24,0.8066480271759124,1.74965749483122
2022-10-25,0.8072072951095979,1.7430721941601797
2022-10-26,0.8066375802854264,1.7366057435600202
2022-10-27,0.8059091802505589,1.7325358880487653
2022-10-28,0.8048976789456799,1.7204783175033593
2022-10-31,0.8051556568735951,1.7101216208815648
2022-11-01,0.8053452163446698,1.7013176146655655
2022-11-02,0.8069139308926054,1.6986711182929086
2022-11-03,0.8062453676719982,1.6908796718136385
2022-11-04,0.8071683865728322,1.683398596838936
2022-11-07,0.8064073569992206,1.6699793086318575
2022-11-08,0.8070367272189721,1.6565728608427157
2022-11-09,0.808520783464279,1.645237393757789
2022-11-10,0.8151648106821695,1.6474850582106417
2022-11-11,0.8142868442283926,1.645153453389515
2022-11-14,0.8140101847575417,1.643303828500638
2022-11-15,0.8141750257066558,1.6405276584000514
2022-11-16,0.8144236756159178,1.6398019618926083
2022-11-17,0.8142150034721268,1.640668010033126
2022-11-18,0.8139416832687102,1.6436661336454301
2022-11-21,0.8131406559046523,1.6447352182731796
2022-11-22,0.8138582230718686,1.6468555460396435
2022-11-23,0.8140508738158175,1.6459237189123026
2022-11-25,0.8142728841923735,1.6474813318634298
2022-11-28,0.8133484177680711,1.6451082125603282
2022-11-29,0.8129644846554481,1.6439935642975994
2022-11-30,0.814516949101912,1.6444060059176306
2022-12-01,0.8142900998449769,1.6411371934980523
2022-12-02,0.8137877147122817,1.6217692913270854
2022-12-05,0.8154076348813809,1.6076913555903523
2022-12-06,0.8153778972835365,1.59451546539681
2022-12-07,0.8146909221527685,1.5799794371266862
2022-12-08,0.8149247285980301,1.5655757006639714
2022-12-09,0.8151272734216027,1.5522759262601866
2022-12-12,0.8153070130861846,1.5401695530688755
2022-12-13,0.8164616863207198,1.532244904421347
2022-12-14,0.8167056576525397,1.5234374903770704
2022-12-15,0.8172339033883076,1.5153888647315668
2022-12-16,0.8185067254690361,1.5094644296556041
2022-12-19,0.8187096774065554,1.5061067982252436
2022-12-20,0.8185779128917211,1.5034550347204598
2022-12-21,0.8189030269397362,1.4980286620630685
2022-12-22,0.8188997472592392,1.4932842252587217
2022-12-23,0.8192345131099611,1.4904351853461002
2022-12-27,0.8186940813979959,1.4832624760044357
2022-12-28,0.8190975959206109,1.4770765567273803
2022-12-29,0.8196266726798802,1.4734852338973023
2022-12-30,0.8195838946301278,1.4694938451470472
2023-01-03,0.8197074360276007,1.4654436290161175
2023-01-04,0.8215752841672561,1.4646437912346388
2023-01-05,0.8223078720717928,1.4628061407333384
2023-01-06,0.8236492037037406,1.4627283835790623
2023-01-09,0.8235728489190854,1.4615219699207374
2023-01-10,0.8239581165858174,1.458451494526143
2023-01-11,0.8241098364122676,1.4554146929598386
2023-01-12,0.8239095573438008,1.4525030028653092
2023-01-13,0.8237706924304284,1.448809002900008
2023-01-17,0.8240569484975186,1.4458308582582529
2023-01-18,0.8244015992932445,1.4430856176893854
2023-01-19,0.8239799368400864,1.4407899618064235
2023-01-20,0.8247172641302435,1.4390744517095437
2023-01-23,0.824542209462905,1.4361134940314457
2023-01-24,0.8244670282779135,1.4332175354359764
2023-01-25,0.8244174497784954,1.4301584524180615
2023-01-26,0.824292952937527,1.4230890133629301
2023-01-27,0.824480594892948,1.4152405589356052
2023-01-30,0.8252893559910358,1.4062913849100487
2023-01-31,0.8257732044363816,1.3986003335807875
2023-02-01,0.8258413779334243,1.3904070031697127
2023-02-02,0.8255780289910325,1.3816096685517165
2023-02-03,0.825735135928486,1.373832388853665
2023-02-06,0.8252849892366163,1.3655833551786063
2023-02-07,0.8273888796319976,1.3608814344646247
2023-02-08,0.8273837700590523,1.3557719987417314
2023-02-09,0.8276078505128478,1.3522591143902702
2023-02-10,0.827462115440744,1.3470392344669282
2023-02-13,0.8277516781209164,1.3426302475452403
2023-02-14,0.8265904912861077,1.3364371185054151
2023-02-15,0.8266186309925504,1.3306031462832553
2023-02-16,0.8269367139944559,1.3257000521214521
2023-02-17,0.8263516564839396,1.3196079391110445
2023-02-21,0.8272263578303629,1.313267140485249
2023-02-22,0.8270640772750191,1.3058515366147572
2023-02-23,0.8269518488467491,1.2982181645773947
2023-02-24,0.8259672114540931,1.2894677822201883
2023-02-27,0.827446308314826,1.2837084377687003
2023-02-28,0.8269762756077093,1.277903383674141
2023-03-01,0.8275970394019352,1.269639718614827
2023-03-02,0.8275811867387908,1.261580819839723
2023-03-03,0.8271372921077872,1.252139527586408
2023-03-06,0.828058720480382,1.2452566141278465
2023-03-07,0.8295282278055089,1.2414447663637507
2023-03-08,0.8291841511368827,1.2388662388496465
2023-03-09,0.8303767847843463,1.2388742126729224
2023-03-10,0.8304466016534878,1.2384728145931496
2023-03-13,0.8285974944124027,1.2363172398408848
2023-03-14,0.8288300814318285,1.232581170966624
2023-03-15,0.8295117047832365,1.2311351930826326
2023-03-16,0.8286411289194098,1.2281013959490201
2023-03-17,0.8283343861659098,1.2264186572888376
2023-03-20,0.8278425811123273,1.2202647074038662
2023-03-21,0.8269724551040556,1.2136220460038702
2023-03-22,0.8268925929619044,1.2054565336957623
2023-03-23,0.826608256002546,1.19687659493669
2023-03-24,0.8251282505647565,1.1865397788598342
2023-03-27,0.8249902560091872,1.173849001542897
2023-03-28,0.8251389007327333,1.1584439791361691
2023-03-29,0.8254841707892965,1.1443639751367853
2023-03-30,0.8253690206117276,1.127101475906244
2023-03-31,0.8260548813045961,1.1110103841706214
2023-04-03,0.8261263128778569,1.0990877690000376
2023-04-04,0.8267009320868226,1.0883056923971122
2023-04-05,0.825785910151891,1.0744208658085033
2023-04-06,0.8263381016134773,1.0636498038749302
2023-04-10,0.829074005200933,1.0600959828478072
2023-04-11,0.8294477308000635,1.0589452387207012
2023-04-12,0.8296524310909692,1.0605546480474353
2023-04-13,0.8295897989425637,1.0624857634942266
2023-04-14,0.8293007374611457,1.0650751378669718
2023-04-17,0.8292724734135606,1.0717352033285463
2023-04-18,0.8294010976444515,1.0793954755826307
2023-04-19,0.8295574717289987,1.0876911556110989
2023-04-20,0.8289126434013211,1.0938295217212022
2023-04-21,0.8296656333660204,1.1031253648492938
2023-04-24,0.8291863405025163,1.1100046215910155
2023-04-25,0.8287417309524884,1.115218258490645
2023-04-26,0.8275963028145427,1.1164396219485027
2023-04-27,0.8274708849158613,1.1190270744923512
2023-04-28,0.827859626481083,1.1219442031461115
2023-05-01,0.8270981981638902,1.115210973998225
2023-05-02,0.8248252645666463,1.1001674873664768
2023-05-03,0.8267002475682149,1.0901566868591814
2023-05-04,0.8262575939100016,1.0789193880216115
2023-05-05,0.8251944666679987,1.0644554122011571
2023-05-08,0.8231995222933547,1.043325200756053
2023-05-09,0.8233941558983756,1.0223142806657368
2023-05-10,0.8209125584681621,0.9926650993643545
2023-05-11,0.8217984773845434,0.9674687810179033
2023-05-12,0.8227450207562595,0.9427340023263087
2023-05-15,0.8229983034224936,0.9200720951833644
2023-05-16,0.8216716841932964,0.8947014678099349
2023-05-17,0.8219179150742751,0.8734174490624648
2023-05-18,0.8211560614869168,0.8500092996332591
2023-05-19,0.8207725137698744,0.8233877980424559
2023-05-22,0.8210218757242959,0.7997943180252928
2023-05-23,0.8221941439869173,0.7869696167102327
2023-05-24,0.8218372751549745,0.7666804256040769
2023-05-25,0.8219296252634171,0.7483794948207462
2023-05-26,0.8220505552081717,0.7338454156791817
2023-05-30,0.8225838777941584,0.7274626098080729
2023-05-31,0.8205484184742508,0.7135761275572248
2023-06-01,0.8207721906173714,0.7090628454338485
2023-06-02,0.8216052376566594,0.704158707559566
2023-06-05,0.8209405477615782,0.6934821235360865
2023-06-06,0.820335666199907,0.6796221723815832
2023-06-07,0.8190467500684783,0.6661387598133236
2023-06-08,0.8186274857822694,0.6500506162234945
2023-06-09,0.8184124653674318,0.6358923143654943
2023-06-12,0.8167843261362479,0.6168825684066963
2023-06-13,0.8150564425539302,0.5899496585448826
2023-06-14,0.8103169688257853,0.5402168199325089
2023-06-15,0.8113067781096033,0.4947823268772715
2023-06-16,0.8107556380547388,0.44608116534289294
2023-06-20,0.807207382989097,0.3827589441882588
2023-06-21,0.8062718719759607,0.312878724056491
2023-06-22,0.8042798682148085,0.24272989630527922
2023-06-23,0.8045101415263907,0.17160028134290048
2023-06-26,0.8033583314476678,0.09152439924703623
2023-06-27,0.8008960794239628,0.004216429917179355
2023-06-28,0.8006688891260053,-0.08232612609122077
2023-06-29,0.7998442444428258,-0.1672704221925841
2023-06-30,0.7998477293184953,-0.2509275896884312
2023-07-03,0.7999410456925177,-0.33414395377548034
2023-07-05,0.799319249736887,-0.4138139141174323
2023-07-06,0.8021052215417546,-0.4767875857986663
2023-07-07,0.8021390444132771,-0.5202631711314466
2023-07-10,0.8017331435675237,-0.5699706243038211
2023-07-11,0.8019444779212466,-0.6170718979200484
2023-07-12,0.802450534993688,-0.6475516012461016
2023-07-13,0.8025031406813296,-0.6740945415846454
2023-07-14,0.8027931634946887,-0.6911698955565124
2023-07-17,0.8024032802768665,-0.7114614828003958
2023-07-18,0.8020482509672799,-0.7278585227813033
2023-07-19,0.8019674629007059,-0.7342082398781239
2023-07-20,0.7964193474626833,-0.761725617363093
2023-07-21,0.7970418658299114,-0.784324101637877
2023-07-24,0.7968421391738546,-0.8077566036041764
2023-07-25,0.7968957182116576,-0.8321654124609407
2023-07-26,0.796485613711012,-0.8554614265549577
2023-07-27,0.7977278852063329,-0.8877770661190583
2023-07-28,0.7979506778667844,-0.9187592709793599
2023-07-31,0.7979337651934646,-0.9492682693678992
2023-08-01,0.7981759909040684,-0.9804106961031271
2023-08-02,0.798199171298718,-1.0143061390797898
2023-08-03,0.7974983446515232,-1.0518024988055727
2023-08-04,0.7963387991143663,-1.0957618333322965
2023-08-07,0.7959652577194275,-1.1400523858605565
2023-08-08,0.7957772810981069,-1.184051338782315
2023-08-09,0.7957189806124203,-1.2281113976287752
2023-08-10,0.7966898403942102,-1.2406269094960394
2023-08-11,0.7955883058557526,-1.259484661490947
2023-08-14,0.7946483733380796,-1.2806981573170726
2023-08-15,0.7942316323196981,-1.3031808905781084
2023-08-16,0.7939324308348248,-1.3246423280571795
2023-08-17,0.794448473669913,-1.3508382592121948
2023-08-18,0.7944879972811781,-1.3775252337861157
2023-08-21,0.7935304787826729,-1.4084389365348675
2023-08-22,0.793528453677857,-1.4404971760552538
2023-08-23,0.7922106405814046,-1.4769145150977845
2023-08-24,0.7921908101116371,-1.5099310757985305
2023-08-25,0.7922761829124811,-1.5360236769944486
2023-08-28,0.7918320255220251,-1.561414804062357
2023-08-29,0.7890878434382074,-1.593565706204495
2023-08-30,0.7891537789674015,-1.6253305628452417
2023-08-31,0.7879098552460729,-1.6659703683758431
2023-09-01,0.7876372607517946,-1.7012563397257792
2023-09-05,0.7874635266255858,-1.7321341671567387
2023-09-06,0.7870473414265511,-1.7624296566246231
2023-09-07,0.7864073870935538,-1.7935800963643245
2023-09-08,0.7852153214093611,-1.830669294276167
2023-09-11,0.7853591538435102,-1.8668417531391313
2023-09-12,0.7844280393661249,-1.8996003202082525
2023-09-13,0.7834902790845935,-1.9347661003284704
2023-09-14,0.7771008868782759,-1.9790996679607935
2023-09-15,0.778647989846721,-2.0186559101244392
2023-09-18,0.7792863337400405,-2.0574237424997626
2023-09-19,0.7791259241642112,-2.093853722118776
2023-09-20,0.7793428556351921,-2.1158839174960864
2023-09-21,0.7801105412817543,-2.1365571542484156
2023-09-22,0.7788607288320588,-2.1541840811165684
2023-09-25,0.7789500713152759,-2.170604289106464
2023-09-26,0.7770788405521799,-2.189678680620112
2023-09-27,0.7768548977125403,-2.2075241995028247
2023-09-28,0.7764316845810495,-2.2237127446815004
2023-09-29,0.7745267222728498,-2.238912998983619
2023-10-02,0.7692805524700043,-2.268220908197664
2023-10-03,0.7698816274215695,-2.292584588594856
2023-10-04,0.7672791060404855,-2.3182875688156046
2023-10-05,0.7612763781504348,-2.327909597179759
2023-10-06,0.7619017715461572,-2.3438392394263934
2023-10-09,0.7625581739088383,-2.3621695751481178
2023-10-10,0.7588044699374007,-2.3867829555963143
2023-10-11,0.7588607552433566,-2.41254196739675
2023-10-12,0.759801626408575,-2.4397595741628417
2023-10-13,0.7608675841395425,-2.4607271715148142
2023-10-16,0.7582925796532053,-2.486438948288246
2023-10-17,0.7545346881356296,-2.511706098086956
2023-10-18,0.7508882933612248,-2.5418810334502737
2023-10-19,0.751056686637091,-2.5703064135655684
2023-10-20,0.7522026885457547,-2.5905440132090822
2023-10-23,0.7533141079335297,-2.591521474176165
2023-10-24,0.7500954104192012,-2.6004061576808075
2023-10-25,0.7513284881196001,-2.5996198126536947
2023-10-26,0.7470042562217272,-2.587138942853339
2023-10-27,0.7466184415756891,-2.5789668807602175
2023-10-30,0.7473435982482557,-2.573253142515039
2023-10-31,0.747944515179582,-2.556433959855012
2023-11-01,0.7479400239964632,-2.5411028183147493
2023-11-02,0.7508481989126197,-2.525049830564098
2023-11-03,0.7479852959410075,-2.5175812459163414
2023-11-06,0.7487376716952598,-2.502460586289857
2023-11-07,0.7479413683854192,-2.4787188001305878
2023-11-08,0.7492158019258105,-2.4439218106279044
2023-11-09,0.7493394604332425,-2.4106809084240117
2023-11-10,0.7484497344406864,-2.3831919435679207
2023-11-13,0.7264050877796309,-2.392097038490879
2023-11-14,0.7312895336214392,-2.3870263175733077
2023-11-15,0.7309254999337306,-2.3869872864314616
2023-11-16,0.7300094039000469,-2.3781015936513654
2023-11-17,0.7307500399388523,-2.3685293941144496
2023-11-20,0.7309642220531595,-2.3617008322724344
2023-11-21,0.7317638906496581,-2.3563131538455138
2023-11-22,0.7332665218566774,-2.349760365828662
2023-11-24,0.7321908036976258,-2.352553973382584
2023-11-27,0.7319254076817165,-2.3495494298110096
2023-11-28,0.7321475169940925,-2.3487421426357247
2023-11-29,0.7294738928217464,-2.3504156633593225
2023-11-30,0.7300214880223751,-2.3548943513726
2023-12-01,0.7262749800272409,-2.3651523768121527
2023-12-04,0.725767677589266,-2.3745293239778995
2023-12-05,0.7268023928386249,-2.3344437306193604
2023-12-06,0.7232803497131304,-2.3111436146263302
2023-12-07,0.7233713927707568,-2.288169583067698
2023-12-08,0.7234911626963461,-2.264243077000804
2023-12-11,0.7232127386392564,-2.2433620010906608
2023-12-12,0.722553197681977,-2.224804159436554
2023-12-13,0.7217775473959257,-2.209843366906956
2023-12-14,0.7198901460351627,-2.201237565404167
2023-12-15,0.7191761688426968,-2.1921161201357715
2023-12-18,0.7170768819945471,-2.185853080384312
2023-12-19,0.7167825956307813,-2.1811361304406676
2023-12-20,0.7179208274132536,-2.1704386701850584
2023-12-21,0.7182695508362554,-2.1610626782417963
2023-12-22,0.7166661903877896,-2.1471791842254975
2023-12-26,0.7168217013419275,-2.1328791181131197
2023-12-27,0.7159257407461735,-2.122361816964214
2023-12-28,0.7155925067749294,-2.106312790489149
2023-12-29,0.7145018023475276,-2.092508288985077
2024-01-02,0.7098273337530345,-2.085277905693978
2024-01-03,0.7106624436390687,-2.0771650664215553
2024-01-04,0.7111123354591468,-2.0679353732760655
2024-01-05,0.7107255270016586,-2.0584854158734274
2024-01-08,0.7110077674137371,-2.045993857069816
2024-01-09,0.7066897103322979,-2.038058936500889
2024-01-10,0.7080843383870461,-2.025419031986232
2024-01-11,0.7069641095080675,-2.0142276046712166
2024-01-12,0.7052266689740132,-2.0076028081606183
2024-01-16,0.7068889956499089,-2.000143512123668
2024-01-17,0.707549146979943,-1.9896980162807028
2024-01-18,0.7067909113308452,-1.9809289504211782
2024-01-19,0.7048846218646183,-1.973389980013851
2024-01-22,0.7042514587483653,-1.9664739645745595
2024-01-23,0.7020622791360396,-1.9607902839531888
2024-01-24,0.7003320313203154,-1.9499131336815243
2024-01-25,0.7007244090876055,-1.9404703608849871
2024-01-26,0.7010439797159128,-1.93187722730137
2024-01-29,0.701801001666325,-1.922265896432224
2024-01-30,0.7013132675013884,-1.9141182874120959
2024-01-31,0.7016526588975845,-1.8992841002292606
2024-02-01,0.7002000222925878,-1.8887935458279488
2024-02-02,0.6969585265796858,-1.8806265613447906
2024-02-05,0.6952287236600907,-1.8721038699073187
2024-02-06,0.6940501719264639,-1.867885805185896
2024-02-07,0.6946794842347669,-1.864345367761997
2024-02-08,0.6957490804318315,-1.8590254282892233
2024-02-09,0.695610416300371,-1.8513536365039611
2024-02-12,0.6948650551635968,-1.8439551340740432
2024-02-13,0.6956591682421905,-1.8327878979378827
2024-02-14,0.6951153278801109,-1.8200697545987388
2024-02-15,0.6980298620896581,-1.8050371571937605
2024-02-16,0.6978990797306162,-1.7910096016094745
2024-02-20,0.6960553618003765,-1.780522472137802
2024-02-21,0.6994166681774553,-1.7659061650534082
2024-02-22,0.6957174210857846,-1.7562864837175742
2024-02-23,0.6955479734748398,-1.7450583018855679
2024-02-26,0.6956276791174631,-1.7293770269107596
2024-02-27,0.695008933881475,-1.7121606090941188
2024-02-28,0.694869423466759,-1.6938807329959251
2024-02-29,0.6952230798437918,-1.6764312640577512
2024-03-01,0.6954925833594918,-1.660596352626126
2024-03-04,0.6943942611793755,-1.646091638431858
2024-03-05,0.6932569888692955,-1.6320571955896301
2024-03-06,0.6937535769218277,-1.618976415378145
2024-03-07,0.6902765477881087,-1.609356845311018
2024-03-08,0.6904552978444071,-1.603901778537753
2024-03-11,0.6869062042994973,-1.6024863155452518
2024-03-12,0.6836546598131641,-1.6022563339641538
2024-03-13,0.6897636333251195,-1.600207732167464
2024-03-14,0.6878796909483372,-1.5953133957447732
2024-03-15,0.6926965364981472,-1.5852337560979406
2024-03-18,0.6920905787723113,-1.5760979501548111
2024-03-19,0.6899784280938966,-1.5686329461072064
2024-03-20,0.6892571517031245,-1.5619606391663587
2024-03-21,0.694509770411711,-1.5501574672662977
2024-03-22,0.6894192231039358,-1.5445455710147113
2024-03-25,0.689063115377693,-1.5380115088585127
2024-03-26,0.6905861826346053,-1.5283503610788616
2024-03-27,0.6924993199489082,-1.5174631871101445
2024-03-28,0.6929083953397877,-1.5015770224029015
2024-04-01,0.690045208939512,-1.4893412580791965
2024-04-02,0.6902757977275419,-1.472204064823616
2024-04-03,0.6873872810416268,-1.454090531976299
2024-04-04,0.6913042371352902,-1.4401894236872452
2024-04-05,0.6930268873059968,-1.4220224801788288
2024-04-08,0.6932019575966732,-1.4103304005081165
2024-04-09,0.6934447317748799,-1.3977458919769377
2024-04-10,0.6947546455964474,-1.3811696225801253
2024-04-11,0.6944385821753982,-1.3641421993766827
2024-04-12,0.6963267287279041,-1.3522869687657044
2024-04-15,0.6973337194172764,-1.3324375721774724
2024-04-16,0.6987908335025933,-1.310492852422865
2024-04-17,0.6986900686736809,-1.2908369556244914
2024-04-18,0.698822952550831,-1.2737509069701805
2024-04-19,0.6995766984353556,-1.2564419319000404
2024-04-22,0.6997827216014727,-1.2349658366084237
2024-04-23,0.7002872539028545,-1.2133194270658871
2024-04-24,0.6997688180254428,-1.1882930883374576
2024-04-25,0.6977179854297624,-1.1711595230712777
2024-04-26,0.6972205257214541,-1.1570102595242844
2024-04-29,0.6939754352087983,-1.1470691848905872
2024-04-30,0.6954721888573963,-1.1358019987236552
2024-05-01,0.6946447480152728,-1.1274111655657568
2024-05-02,0.6938429823521703,-1.1195032746917442
2024-05-03,0.6937606738426936,-1.1145844202691413
2024-05-06,0.6953664359816072,-1.109222079361238
2024-05-07,0.6927149946824888,-1.109202774359925
2024-05-08,0.6921130573382974,-1.1097872742348105
2024-05-09,0.6936505991583469,-1.108833333746477
2024-05-10,0.6943283606296884,-1.1080917062233533
2024-05-13,0.6940558846238583,-1.108170118437823
2024-05-14,0.6941458192495956,-1.1090640371065472
2024-05-15,0.6942783601148567,-1.1092149268165215
2024-05-16,0.6902026643973068,-1.1115340860725922
2024-05-17,0.6899378139876005,-1.1136439491179264
2024-05-20,0.6896774991029465,-1.1114880409512038
2024-05-21,0.6893665992080686,-1.1120044645918443
2024-05-22,0.6906368820759219,-1.1098957032680892
2024-05-23,0.6922468370362045,-1.1048133647534093
2024-05-24,0.6917117945194725,-1.100381638324014
2024-05-28,0.691140772789686,-1.0991741707511922
2024-05-29,0.6909299781657648,-1.0944828774033861
2024-05-30,0.6905505281939196,-1.0895603045491
2024-05-31,0.6951188564689275,-1.0809470552153146
2024-06-03,0.6956802960116645,-1.0727102612724184
2024-06-04,0.6911265273020689,-1.070202553254652
2024-06-05,0.6916261204635209,-1.0672592612674066
2024-06-06,0.6917309828010597,-1.0644642999724157
2024-06-07,0.6904423913511997,-1.0571997646249491
2024-06-10,0.6906285853269805,-1.0493444572029418
2024-06-11,0.6899063277552473,-1.042133206603478
2024-06-12,0.689282476453909,-1.0352401215429465
2024-06-13,0.6890164691386589,-1.0306317823683377
2024-06-14,0.6894621198207626,-1.0276634912648805
2024-06-17,0.6887325083309204,-1.0250559137326098
2024-06-18,0.6886769581591207,-1.0217145432619432
2024-06-20,0.6883327888128162,-1.0183675071071152
2024-06-21,0.6876505816563656,-1.0154130247760647
2024-06-24,0.6896510551692645,-1.0169015078807548
2024-06-25,0.6880135860049378,-1.0217321206759817
2024-06-26,0.6879015053252403,-1.0195324368284018
2024-06-27,0.686233773937265,-1.0204226226881625
2024-06-28,0.6864388731529434,-1.0213163233959517
2024-07-01,0.6861908618231366,-1.0205635324574787
2024-07-02,0.685087088330307,-1.0218036325365196
2024-07-03,0.6850316915715788,-1.0221016235576017
2024-07-05,0.6860661501819829,-1.0200023420251672
2024-07-08,0.6854992868182285,-1.0186215121131332
2024-07-09,0.6872024061487872,-1.015657968291576
2024-07-10,0.6884072909643544,-1.0098261416121317
2024-07-11,0.6880647530787537,-1.0045153474355668
2024-07-12,0.6888545068339712,-0.9976117455068502
2024-07-15,0.6851731348247866,-0.995094538155468
2024-07-16,0.6873729625797759,-0.9928484212757434
2024-07-17,0.6882127540659322,-0.9866703048353298
2024-07-18,0.6887186367744039,-0.979596542654544
2024-07-19,0.6886937567888888,-0.9697717335536675
2024-07-22,0.6894890321645121,-0.958632195273839
2024-07-23,0.6893519521590329,-0.9473503220426197
2024-07-24,0.6942606572386808,-0.9264840724266975
2024-07-25,0.6945660493623169,-0.9049238790178258
2024-07-26,0.6965551351865762,-0.8818493557791339
2024-07-29,0.6939625086839255,-0.8618589044247259
2024-07-30,0.6940598682195096,-0.844648931364207
2024-07-31,0.6945232762702984,-0.8287556206079136
2024-08-01,0.690685920914791,-0.8184729621935061
2024-08-02,0.68989082198094,-0.8109561524149571
2024-08-05,0.6982018679557604,-0.7827035738267
2024-08-06,0.700780713215644,-0.753741573061429
2024-08-07,0.7012027237877451,-0.7252467385628469
2024-08-08,0.7035756849104451,-0.6931882265121665
2024-08-09,0.7034768058948314,-0.6607974180695422
2024-08-12,0.7030742629150531,-0.6302305917553542
2024-08-13,0.7049600876737232,-0.5954604061197144
2024-08-14,0.7042100951029033,-0.5711377576108724
2024-08-15,0.7038389877106734,-0.5477258783243756
2024-08-16,0.7034262701448695,-0.5287192799213976
2024-08-19,0.7040809863048773,-0.5029304136507746
2024-08-20,0.7026020341469452,-0.47972011580026835
2024-08-21,0.70193833007374,-0.45833596169379337
2024-08-22,0.7028117761895792,-0.42678873153004215
2024-08-23,0.703631541622068,-0.3912843961983109
2024-08-26,0.7026126653876021,-0.37500295578091236
2024-08-27,0.7021252368818021,-0.3650467696897123
2024-08-28,0.7021057099192862,-0.35592325494084204
2024-08-29,0.6999866020805052,-0.35643854338006076
2024-08-30,0.7010368441756591,-0.3546313470585318
2024-09-03,0.7009935680598378,-0.35206937783610187
2024-09-04,0.7020827664017668,-0.35157784675020326
2024-09-05,0.7014910504165661,-0.35072158786701496
2024-09-06,0.7027298328619389,-0.3463127710970617
2024-09-09,0.7043413555979278,-0.33725005457340596
2024-09-10,0.7032432290073002,-0.3321941144562772
2024-09-11,0.7048685184248688,-0.3196138575970986
2024-09-12,0.7059064814210418,-0.3026311770819388
2024-09-13,0.7073191590520436,-0.28408957531186124
2024-09-16,0.7061527848000199,-0.27032527021436015
2024-09-17,0.7037315282637265,-0.25950493549518505
2024-09-18,0.7044086661209261,-0.24540304834602536
2024-09-19,0.705380325152201,-0.22841004438806548
2024-09-20,0.7036901470964951,-0.20945019953973257
2024-09-23,0.6997843226455519,-0.20320545815009775
2024-09-24,0.6992498685892489,-0.19823694229042846
2024-09-25,0.6991112052746007,-0.19676192191471215
2024-09-26,0.6951524539113194,-0.20476896169923825
2024-09-27,0.698103052190523,-0.20858489223837215
2024-09-30,0.6991253343329311,-0.21474501623224604
2024-10-01,0.6994738469173767,-0.2168812018429862
2024-10-02,0.696609343909595,-0.23345358039211378
2024-10-03,0.6945141617841338,-0.2605849568679564
2024-10-04,0.6964796193229292,-0.28757206028093035
2024-10-07,0.697749879152683,-0.3077980447069312
2024-10-08,0.6964887785295859,-0.3244896422030257
2024-10-09,0.6976598069850394,-0.3404516661584037
2024-10-10,0.6973236977584324,-0.36171879069020296
2024-10-11,0.6990407954503487,-0.3718780646970305
2024-10-14,0.6984479308634989,-0.3701783299072813
2024-10-15,0.6944549897379918,-0.3806979535025365
2024-10-16,0.6937273690737725,-0.39380074186029546
2024-10-17,0.6941688762589379,-0.39029157409147364
2024-10-18,0.6935147216976962,-0.40088242853431216
2024-10-21,0.6924107259940925,-0.42024445357878865
2024-10-22,0.6904157791188972,-0.4495170350851553
2024-10-23,0.6900652138069799,-0.4695602259520083
2024-10-24,0.6888024653227867,-0.48622572491981175
2024-10-25,0.6886078577575344,-0.5132186999456407
2024-10-28,0.6892025593749529,-0.543985253751272
2024-10-29,0.689460556794865,-0.5692696000286182
2024-10-30,0.6892624081883908,-0.6020562989932441
2024-10-31,0.6905805671231654,-0.6294579481658839
2024-11-01,0.6900650217707653,-0.6687877733042845
2024-11-04,0.6825856734356478,-0.7412496255269755
2024-11-05,0.6839133771745254,-0.7905802086861173
2024-11-06,0.6733116125538666,-0.8855583852453078
2024-11-07,0.6722128878427954,-0.9911992456895772
2024-11-08,0.6724588577403159,-1.0985320979266404
2024-11-11,0.669949048341852,-1.2164431913501716
2024-11-12,0.6687096984072393,-1.333713712247669
2024-11-13,0.6691735458089678,-1.427171429618772
2024-11-14,0.6631793257120631,-1.5413237068650654
2024-11-15,0.6631401508484469,-1.6544368703434402
2024-11-18,0.6649158998312432,-1.7637831848217196
2024-11-19,0.6653025197384425,-1.8747791536401308
2024-11-20,0.6642897240925186,-1.989461124381746
2024-11-21,0.6650823717478257,-2.1110229990307046
2024-11-22,0.6646594867307963,-2.235447350999222
2024-11-25,0.6627105812986699,-2.3249297240294324
2024-11-26,0.6622039522326433,-2.4241740114967136
2024-11-27,0.6625905064973406,-2.4661101966850585
2024-11-29,0.6635011258854264,-2.495321578401393
2024-12-02,0.6643442088755116,-2.5257176801796555
2024-12-03,0.6637047674298371,-2.53820564640468
2024-12-04,0.6631534800227669,-2.5456552016183553
2024-12-05,0.6616728993850591,-2.562998660960407
2024-12-06,0.6619639647876806,-2.5414087165761066
2024-12-09,0.6615397495538328,-2.5221775884002073
2024-12-10,0.6615997214065796,-2.513803922346864
2024-12-11,0.661273649384332,-2.5091119017265395
2024-12-12,0.6621382471732848,-2.4963015182720647
2024-12-13,0.6581256746134763,-2.4993037286298954
2024-12-16,0.6623342659021288,-2.4859501714867593
2024-12-17,0.6619291228005361,-2.463343886715551
2024-12-18,0.6745464041191169,-2.39181565094864
2024-12-19,0.673485070441764,-2.3262019888328527
2024-12-20,0.6718321944641024,-2.2734156102862944
2024-12-23,0.670684018932954,-2.23028037017555
2024-12-24,0.6716476401429589,-2.1783084410295652
2024-12-26,0.6712856486432601,-2.125137878405975
2024-12-27,0.6723337725329066,-2.0588416281380604
2024-12-30,0.6741243596596257,-1.986338468930562
2024-12-31,0.6739272972115119,-1.911166376086412
2025-01-02,0.6720432684928374,-1.840831008851333
2025-01-03,0.6740980069409204,-1.7606015535248167
2025-01-06,0.6749430518044406,-1.6816812242609447
2025-01-07,0.675010431413003,-1.5798739770118955
2025-01-08,0.6749551824147307,-1.5016346123027178
2025-01-10,0.6753366394916093,-1.417475010742647
2025-01-13,0.673523730846137,-1.412443264391947
2025-01-14,0.6734081237629228,-1.4018219637851532
2025-01-15,0.6749589894950384,-1.3744899901842578
2025-01-16,0.6755551231360967,-1.3385535512796143
2025-01-17,0.6751653920117663,-1.3100976253064485
2025-01-21,0.6747461644632162,-1.2814456116178352
2025-01-22,0.6761037997807328,-1.2518069066621431
2025-01-23,0.676706720126477,-1.2292284754256528
2025-01-24,0.6770075124490396,-1.203852519770776
2025-01-27,0.6706780903819637,-1.197948393271845
2025-01-28,0.6725819471789112,-1.1947935618179188
2025-01-29,0.672768872685239,-1.195600116690418
2025-01-30,0.6736186078594704,-1.192951812203801
2025-01-31,0.6741196617180918,-1.1876893198000036
2025-02-03,0.6726373815467547,-1.1916710676749882
2025-02-04,0.6709622964318844,-1.193409706110284
2025-02-05,0.669740864419178,-1.2002173813414145
2025-02-06,0.6682576578123469,-1.2224338371145258
2025-02-07,0.6688165447289139,-1.2454403497467714
2025-02-10,0.6670408944431424,-1.2740332779713595
2025-02-11,0.6671527266196022,-1.2996325196233052
2025-02-12,0.6673749382130068,-1.331466426172988
2025-02-13,0.6677842844286085,-1.3646403195835175
2025-02-14,0.6647216066542296,-1.412226367377065
2025-02-18,0.6641952018290984,-1.4281528879473542
2025-02-19,0.6609156823611335,-1.4674221741011324
2025-02-20,0.660121300286753,-1.5104834856715255
2025-02-21,0.6629255872727294,-1.5464866022411816
2025-02-24,0.6625559504395718,-1.5866562248170781
2025-02-25,0.6588816282434077,-1.6326929163403836
2025-02-26,0.658425377034158,-1.671482837554564
2025-02-27,0.6577040319143705,-1.7064454284420085
2025-02-28,0.6601565911786234,-1.7248241691702435
2025-03-03,0.6604451147991836,-1.7449247707862547
2025-03-04,0.6625957014409432,-1.7483306611944402
2025-03-05,0.6616912762037065,-1.7558343877657787
2025-03-06,0.6636580997295439,-1.7571811598768385
2025-03-07,0.6622091755497339,-1.7660572508983743
2025-03-10,0.6663437881149367,-1.7446486401024388
2025-03-11,0.667176466359825,-1.7179161460603058
2025-03-12,0.6668611883491627,-1.6768762018067158
2025-03-13,0.6681883112516153,-1.6278012638947466
2025-03-14,0.6715164090948738,-1.5800982370596255
2025-03-17,0.6730776149685755,-1.5230010728999794
2025-03-18,0.6736267421574467,-1.4465944208218322
2025-03-19,0.6738943193870315,-1.3664523687177943
2025-03-20,0.673789693125022,-1.2835099191205488
2025-03-21,0.6739497879319788,-1.2120187251851033
2025-03-24,0.675869290220209,-1.1340359937921438
2025-03-25,0.6752555837732431,-1.068343564886774
2025-03-26,0.6758773093711016,-0.9963967200006709
2025-03-27,0.6757279399988305,-0.9346122872182369
2025-03-28,0.678161248658522,-0.8551861639789944
2025-03-31,0.6768412749939104,-0.8008646905971478
2025-04-01,0.6760018695616503,-0.7541003305615115
2025-04-02,0.6767156618934217,-0.7032677442001332
2025-04-03,0.6948519861087616,-0.5773851350294701
2025-04-04,0.7248669616251688,-0.3292286097167423
2025-04-07,0.7246190743114137,-0.09614763069819526
2025-04-08,0.7249267263161291,0.12943232446388223
2025-04-09,0.7687163653182709,0.5078140144692517
2025-04-10,0.7723174603575225,0.8576112716067433
2025-04-11,0.7748480944339153,1.1793829001702583
2025-04-14,0.7748523787725816,1.4659009298801342
2025-04-15,0.7736787785056266,1.7313907551699308
2025-04-16,0.7734698431232553,1.9772166881175492
2025-04-17,0.7730691820865296,2.2090209064180746
2025-04-21,0.7758780570634316,2.4238492192072547
2025-04-22,0.7783200780483016,2.6340756695859637
2025-04-23,0.7785852207970394,2.8371195334164505
2025-04-24,0.7794866156162142,3.0298011400130997
2025-04-25,0.7796901072335883,3.1648902274862816
2025-04-28,0.7800551236582199,3.215106638719257
2025-04-29,0.780365382958676,3.265577010215289
2025-04-30,0.7786688924569024,3.3140628650249173
2025-05-01,0.7777171776597692,3.251798451567804
2025-05-02,0.7777573338358879,3.1856877960421044
2025-05-05,0.7783065859109434,3.1182103284918696
2025-05-06,0.7773812612178416,3.0539913145420123
2025-05-07,0.777315330483184,2.9961793333528264
2025-05-08,0.7765466474874881,2.9416984133268316
2025-05-09,0.7762228747325574,2.8902958451553404
2025-05-12,0.779183043639968,2.838329690945656
2025-05-13,0.7770825932853761,2.781899347096627
2025-05-14,0.7770058088274524,2.7275159183855844
2025-05-15,0.7771088347517101,2.6737145707538184
2025-05-16,0.7768963328027563,2.621544836168707
2025-05-19,0.7771267116056757,2.5710163787423546
2025-05-20,0.7773894062694015,2.5217285625360106
2025-05-21,0.7790972276137454,2.4796432571836577
2025-05-22,0.7793884123390938,2.4414683083525732
2025-05-23,0.7796905243035281,2.4051059449095527
2025-05-27,0.7809672802520667,2.3707049437322953
2025-05-28,0.7805208437414428,2.3390815978607913
2025-05-29,0.7806827321535421,2.308984904371712
2025-05-30,0.7811813033895743,2.2820281918627994
2025-06-02,0.7804084264264739,2.2558406359275187
2025-06-03,0.7806236295702679,2.225498125108129
2025-06-04,0.7788622096509803,2.1982741418377683
2025-06-05,0.7789263555405378,2.172203100970806
2025-06-06,0.7796244795440731,2.1472652278803808
2025-06-09,0.7793799563510403,2.1232586300563607
2025-06-10,0.7793953585467805,2.0996407964731922
2025-06-11,0.7789831734432016,2.0757432669446456
2025-06-12,0.7788591791696549,2.0494980352895524
2025-06-13,0.7778563062769908,2.0222499278880144
2025-06-16,0.7780672828402728,1.9954050669905687
2025-06-17,0.7776726578800838,1.9666131598321583
2025-06-18,0.7778321320413393,1.9394344165358244
2025-06-20,0.7776493379522652,1.9123656522343362
2025-06-23,0.7754684555675135,1.8824617047659675
2025-06-24,0.7752290434397203,1.854093241142888
2025-06-25,0.7751107122251788,1.8257525702744202
2025-06-26,0.7749498796025255,1.8006428509298134
2025-06-27,0.7747855581901854,1.77564095453979
2025-06-30,0.7747067471047673,1.7498841222786452
2025-07-01,0.7743657915449843,1.7244994189664926
2025-07-02,0.774145634673957,1.6992552485150003
2025-07-03,0.7743217269665259,1.6752744877472543
2025-07-07,0.7748274528106246,1.6524649377424079
2025-07-08,0.7731271143621606,1.6295131072998248
2025-07-09,0.773756806360605,1.6073723232563795
2025-07-10,0.7738723448568977,1.5863011749838452
2025-07-11,0.7740962941169091,1.5656207138533111
2025-07-14,0.7734793495196558,1.544813732685617
2025-07-15,0.7740887595603148,1.528339493849969
2025-07-16,0.7735342952657303,1.511836730516084
2025-07-17,0.7748802725360749,1.4972939407976726
2025-07-18,0.7743967524639287,1.4826975160834264
2025-07-21,0.7737899235730612,1.4678635209442037
2025-07-22,0.7742903827597692,1.4539870073845529
2025-07-23,0.7732742926394607,1.4395965692370625
2025-07-24,0.7729193583284638,1.4253288580421903
2025-07-25,0.7730330075052193,1.411130189803503
2025-07-28,0.7717686168210183,1.39503759870053
2025-07-29,0.7719935898545298,1.3819022608259313
2025-07-30,0.7709990341312104,1.3669077086726926
2025-07-31,0.770915363608262,1.3516932669919073
2025-08-01,0.7726725162514165,1.338448998773935
2025-08-04,0.7728649376716938,1.3265062311005478
2025-08-05,0.7713249019976199,1.311834950637447
2025-08-06,0.7684941394647385,1.294662504445496
2025-08-07,0.7646936448561901,1.2714324992363104
2025-08-08,0.7641536161806859,1.2485262899557734
2025-08-11,0.7643167042473286,1.2268545165404239
2025-08-12,0.7632252776313716,1.2034176052965737
2025-08-13,0.7629146062755817,1.1811708337069522
2025-08-14,0.7627747036418291,1.1593575518910808
2025-08-15,0.7624693060630788,1.1372524218934794
2025-08-18,0.7626989228280556,1.1172824266151065
2025-08-19,0.7621906862612512,1.0964592542538607
2025-08-20,0.762145707114783,1.0770604596054285
2025-08-21,0.7615482663615177,1.0571874396640042
2025-08-22,0.7633554877564332,1.0370868833780975
2025-08-25,0.7633021719013707,1.0167191630251768
2025-08-26,0.7631984544218547,0.9985262667558703
2025-08-27,0.7626284560025758,0.9837139870060315
2025-08-28,0.7626856613242844,0.9742631368910838
2025-08-29,0.7629050719131313,0.965859865814184
2025-09-02,0.7627455747064875,0.9570899465881584
2025-09-03,0.7627651935640968,0.9497867070091464
2025-09-04,0.7623903401952619,0.9425617876935053
2025-09-05,0.7599028796212676,0.9325271994209352
2025-09-08,0.7603726819319054,0.9236005434816601
2025-09-09,0.7601129675735636,0.9140532738733123
2025-09-10,0.7570763069517408,0.9015917124969566
2025-09-11,0.7564014376341401,0.8885030601640533
2025-09-12,0.7579205920495354,0.8780804511759284
2025-09-15,0.7582288800838732,0.8657053197469345
2025-09-16,0.7568849864946416,0.8518616052389449
2025-09-17,0.756628551478323,0.8379793468017903
2025-09-18,0.7561587672016037,0.8242650789393164
2025-09-19,0.7563673479953789,0.8106223289635466
2025-09-22,0.7558349857642662,0.7961073221118078
2025-09-23,0.7543117551845409,0.7800315509315957
2025-09-24,0.7543106902136174,0.7638631061620282
2025-09-25,0.7537791985978893,0.7473583520753164
2025-09-26,0.7546231979151488,0.7352748444204049
2025-09-29,0.7542713990645882,0.7221415175064998
2025-09-30,0.7546784178479674,0.7096825192416872
2025-10-01,0.7530788073491282,0.6995406973125605
2025-10-02,0.7526802868054425,0.689897605433687
2025-10-03,0.7544278356340878,0.6804005525007027
2025-10-06,0.7546077574207859,0.6705758159880729
2025-10-07,0.7555216588789041,0.6636121009352588
2025-10-08,0.7550583483737524,0.6565442047498309
2025-10-09,0.7556141617502797,0.650885754108368
2025-10-10,0.7602789312583146,0.6506498656071041
2025-10-13,0.7612044581508565,0.6523500061597354
2025-10-14,0.7613636949855996,0.6562979313160228
2025-10-15,0.7609446101657291,0.6598365732871107
2025-10-16,0.7605019851390208,0.6635285651844443
2025-10-17,0.7620238830303931,0.667761751607321
2025-10-20,0.7623724183515067,0.6728768893670678
2025-10-21,0.7621356707313737,0.6771913401296522
2025-10-22,0.7616832819004264,0.6830905719716895
2025-10-23,0.7614646459788701,0.6892262828985597
2025-10-24,0.7608155182854993,0.6921525151132666
2025-10-27,0.760984182375358,0.6950512665666088
2025-10-28,0.7627139438815644,0.6988121695626667
2025-10-29,0.7617132885853419,0.7019889693946767
2025-10-30,0.7617508007003243,0.7045110945122824
2025-10-31,0.7610877882225138,0.6999792338201587
2025-11-03,0.7612129329280727,0.6943696531773141
2025-11-04,0.7620849836963056,0.6896871417190515
2025-11-05,0.7630695945891839,0.6867784277417674
2025-11-06,0.7638013129642883,0.6851334280186444
2025-11-07,0.7637721730326837,0.681469217976668
2025-11-10,0.7677568982303732,0.681986689923072
2025-11-11,0.7692086815712974,0.6846271010013338
2025-11-12,0.7687510914816268,0.6873717723452601
2025-11-13,0.7700619580516666,0.6920394818239844
2025-11-14,0.7691245884462915,0.6964832496312822
2025-11-17,0.7693629641912959,0.7010614580707201
2025-11-18,0.769741315666423,0.7037864740692522
2025-11-19,0.7708308146431262,0.7093017536276797
2025-11-20,0.771782982398522,0.716035903709232
2025-11-21,0.772266245757926,0.724373345120841
2025-11-24,0.7725375634104066,0.7329803953205438
2025-11-25,0.7713165121149571,0.7389628721174885
2025-11-26,0.7716845908894309,0.7441408166670427
2025-11-28,0.7729204677726801,0.7499660597338784
2025-12-01,0.7722724818579797,0.7551273688887493
2025-12-02,0.7718924823596965,0.7543378787297348
2025-12-03,0.7716495649080328,0.7512579364817508
2025-12-04,0.7720361859660138,0.7493547378793676
2025-12-05,0.7719323946652019,0.7455323467822027
2025-12-08,0.7729637058903571,0.7444158965960612
2025-12-09,0.7735877249640534,0.743854968389402
2025-12-10,0.7745712214769961,0.7440954300841038
2025-12-11,0.7745487345844863,0.7428345742978145
2025-12-12,0.7744430279690308,0.7401350730469822
2025-12-15,0.77401111598362,0.7362368944812063
2025-12-16,0.7731460964351619,0.7308345040183472
2025-12-17,0.7717812273305235,0.7255309632174209
2025-12-18,0.7716537096022432,0.7194507407405135
2025-12-19,0.7710958320411507,0.7108287203410074
2025-12-22,0.7669534363670236,0.6973947073894857
2025-12-23,0.7671554201454731,0.6847608689210117
2025-12-24,0.7668221316983691,0.6719982209113378
2025-12-26,0.7669401125218961,0.658775247701556
2025-12-29,0.7664426299824835,0.6449579184947983
2025-12-30,0.7663419050070936,0.6293747906391352
2025-12-31,0.7665121354706758,0.6129940749794838
